Short Code,Manufacturer Part Number,Description,Price
MDO6000,100400HN-05-DBQS,"Medeco 1-1/8in Rim Cylinder, X4, Bright Brass, Bloomington",174
MDO6001,100400HN-05-DBKS,"Medeco 1-1/8in Rim Cylinder, X4, Bright Brass, TRANS-Alarm",111
MDO6002,100400HN-06-DBQS,"Medeco 1-1/8in Rim Cylinder, X4, Satin Brass, Bloomington",108
MDO6003,100400HN-06-DBKS,"Medeco 1-1/8in Rim Cylinder, X4, Satin Brass, TRANS-Alarm",173
MDO6004,100400HN-13-DBQS,"Medeco 1-1/8in Rim Cylinder, X4, Oil Rubbed Bronze, Bloomington",171
MDO6005,100400HN-13-DBKS,"Medeco 1-1/8in Rim Cylinder, X4, Oil Rubbed Bronze, TRANS-Alarm",95
MDO6006,100400HN-22-DBQS,"Medeco 1-1/8in Rim Cylinder, X4, Flat Black, Bloomington",171
MDO6007,100400HN-22-DBKS,"Medeco 1-1/8in Rim Cylinder, X4, Flat Black, TRANS-Alarm",140
MDO6008,100400HN-24-DBQS,"Medeco 1-1/8in Rim Cylinder, X4, Dark Bronze, Bloomington",130
MDO6009,100400HN-24-DBKS,"Medeco 1-1/8in Rim Cylinder, X4, Dark Bronze, TRANS-Alarm",128
MDO6010,100400HN-26-DBQS,"Medeco 1-1/8in Rim Cylinder, X4, Satin Chrome, Bloomington",127
MDO6011,100400HN-26-DBKS,"Medeco 1-1/8in Rim Cylinder, X4, Satin Chrome, TRANS-Alarm",189
MDO6012,100400HN-BB-DBQS,"Medeco 1-1/8in Rim Cylinder, X4, Matte Black, Bloomington",176
MDO6013,100400HN-BB-DBKS,"Medeco 1-1/8in Rim Cylinder, X4, Matte Black, TRANS-Alarm",99
MDO6014,100100W-05-X3S,"Medeco 1in Mortise Cylinder, Biaxial, Bright Brass, Bloomington",147
MDO6015,100100W-05-Z3S,"Medeco 1in Mortise Cylinder, Biaxial, Bright Brass, Mobile",110
MDO6016,100100W-05-G3S,"Medeco 1in Motirse Cylinder, Biaxial, Bright Brass, Shared ",183
MDO6017,100100W-05-PAS,"Medeco 1in Mortise Cylinder, Biaxial Patriot, Bright Brass, Shared",80
MDO6018,100100W-06-X3S,"Medeco 1in Mortise Cylinder, Biaxial, Satin Brass, Bloomington",136
MDO6019,100100W-06-Z3S,"Medeco 1in Mortise Cylinder, Biaxial, Satin Brass, Mobile",181
MDO6020,100100W-06-G3S,"Medeco 1in Motirse Cylinder, Biaxial, Satin Brass, Shared ",80
MDO6021,100100W-06-PAS,"Medeco 1in Mortise Cylinder, Biaxial Patriot, Satin Brass, Shared",150
MDO6022,100100W-13-X3S,"Medeco 1in Mortise Cylinder, Biaxial, Oil Rubbed Bronze, Bloomington",154
MDO6023,100100W-13-Z3S,"Medeco 1in Mortise Cylinder, Biaxial, Oil Rubbed Bronze, Mobile",82
MDO6024,100100W-13-G3S,"Medeco 1in Motirse Cylinder, Biaxial, Oil Rubbed Bronze, Shared ",91
MDO6025,100100W-13-PAS,"Medeco 1in Mortise Cylinder, Biaxial Patriot, Oil Rubbed Bronze, Shared",133
MDO6026,100100W-22-X3S,"Medeco 1in Mortise Cylinder, Biaxial, Flat Black, Bloomington",107
MDO6027,100100W-22-Z3S,"Medeco 1in Mortise Cylinder, Biaxial, Flat Black, Mobile",106
MDO6028,100100W-22-G3S,"Medeco 1in Motirse Cylinder, Biaxial, Flat Black, Shared ",174
MDO6029,100100W-22-PAS,"Medeco 1in Mortise Cylinder, Biaxial Patriot, Flat Black, Shared",147
MDO6030,100100W-24-X3S,"Medeco 1in Mortise Cylinder, Biaxial, Dark Bronze, Bloomington",195
MDO6031,100100W-24-Z3S,"Medeco 1in Mortise Cylinder, Biaxial, Dark Bronze, Mobile",176
MDO6032,100100W-24-G3S,"Medeco 1in Motirse Cylinder, Biaxial, Dark Bronze, Shared ",147
MDO6033,100100W-24-PAS,"Medeco 1in Mortise Cylinder, Biaxial Patriot, Dark Bronze, Shared",197
MDO6034,100100W-26-X3S,"Medeco 1in Mortise Cylinder, Biaxial, Satin Chrome, Bloomington",124
MDO6035,100100W-26-Z3S,"Medeco 1in Mortise Cylinder, Biaxial, Satin Chrome, Mobile",158
MDO6036,100100W-26-G3S,"Medeco 1in Motirse Cylinder, Biaxial, Satin Chrome, Shared ",93
MDO6037,100100W-26-PAS,"Medeco 1in Mortise Cylinder, Biaxial Patriot, Satin Chrome, Shared",127
MDO6038,100100W-BB-X3S,"Medeco 1in Mortise Cylinder, Biaxial, Matte Black, Bloomington",110
MDO6039,100100W-BB-Z3S,"Medeco 1in Mortise Cylinder, Biaxial, Matte Black, Mobile",80
MDO6040,100100W-BB-G3S,"Medeco 1in Motirse Cylinder, Biaxial, Matte Black, Shared ",148
MDO6041,100100W-BB-PAS,"Medeco 1in Mortise Cylinder, Biaxial Patriot, Matte Black, Shared",155
MDO6042,100200W-05-X3S,"Medeco 1-1/8in Mortise Cylinder, Biaxial, Bright Brass, Bloomington",84
MDO6043,100200W-05-Z3S,"Medeco 1-1/8in Mortise Cylinder, Biaxial, Bright Brass, Mobile",115
MDO6044,100200W-05-G3S,"Medeco 1-1/8in Motirse Cylinder, Biaxial, Bright Brass, Shared ",180
MDO6045,100200W-05-PAS,"Medeco 1-1/8in Mortise Cylinder, Biaxial Patriot, Bright Brass, Shared",91
MDO6046,100200W-06-X3S,"Medeco 1-1/8in Mortise Cylinder, Biaxial, Satin Brass, Bloomington",81
MDO6047,100200W-06-Z3S,"Medeco 1-1/8in Mortise Cylinder, Biaxial, Satin Brass, Mobile",84
MDO6048,100200W-06-G3S,"Medeco 1-1/8in Motirse Cylinder, Biaxial, Satin Brass, Shared ",104
MDO6049,100200W-06-PAS,"Medeco 1-1/8in Mortise Cylinder, Biaxial Patriot, Satin Brass, Shared",96
MDO6050,100200W-13-X3S,"Medeco 1-1/8in Mortise Cylinder, Biaxial, Oil Rubbed Bronze, Bloomington",163
MDO6051,100200W-13-Z3S,"Medeco 1-1/8in Mortise Cylinder, Biaxial, Oil Rubbed Bronze, Mobile",182
MDO6052,100200W-13-G3S,"Medeco 1-1/8in Motirse Cylinder, Biaxial, Oil Rubbed Bronze, Shared ",86
MDO6053,100200W-13-PAS,"Medeco 1-1/8in Mortise Cylinder, Biaxial Patriot, Oil Rubbed Bronze, Shared",168
MDO6054,100200W-22-X3S,"Medeco 1-1/8in Mortise Cylinder, Biaxial, Flat Black, Bloomington",148
MDO6055,100200W-22-Z3S,"Medeco 1-1/8in Mortise Cylinder, Biaxial, Flat Black, Mobile",126
MDO6056,100200W-22-G3S,"Medeco 1-1/8in Motirse Cylinder, Biaxial, Flat Black, Shared ",120
MDO6057,100200W-22-PAS,"Medeco 1-1/8in Mortise Cylinder, Biaxial Patriot, Flat Black, Shared",138
MDO6058,100200W-24-X3S,"Medeco 1-1/8in Mortise Cylinder, Biaxial, Dark Bronze, Bloomington",148
MDO6059,100200W-24-Z3S,"Medeco 1-1/8in Mortise Cylinder, Biaxial, Dark Bronze, Mobile",154
MDO6060,100200W-24-G3S,"Medeco 1-1/8in Motirse Cylinder, Biaxial, Dark Bronze, Shared ",114
MDO6061,100200W-24-PAS,"Medeco 1-1/8in Mortise Cylinder, Biaxial Patriot, Dark Bronze, Shared",122
MDO6062,100200W-26-X3S,"Medeco 1-1/8in Mortise Cylinder, Biaxial, Satin Chrome, Bloomington",114
MDO6063,100200W-26-Z3S,"Medeco 1-1/8in Mortise Cylinder, Biaxial, Satin Chrome, Mobile",168
MDO6064,100200W-26-G3S,"Medeco 1-1/8in Motirse Cylinder, Biaxial, Satin Chrome, Shared ",114
MDO6065,100200W-26-PAS,"Medeco 1-1/8in Mortise Cylinder, Biaxial Patriot, Satin Chrome, Shared",190
MDO6066,100200W-BB-X3S,"Medeco 1-1/8in Mortise Cylinder, Biaxial, Matte Black, Bloomington",82
MDO6067,100200W-BB-Z3S,"Medeco 1-1/8in Mortise Cylinder, Biaxial, Matte Black, Mobile",179
MDO6068,100200W-BB-G3S,"Medeco 1-1/8in Motirse Cylinder, Biaxial, Matte Black, Shared ",181
MDO6069,100200W-BB-PAS,"Medeco 1-1/8in Mortise Cylinder, Biaxial Patriot, Matte Black, Shared",152
MDO6070,100500W-05-X3S,"Medeco 1-1/4in Mortise Cylinder, Biaxial, Bright Brass, Bloomington",98
MDO6071,100500W-05-Z3S,"Medeco 1-1/4in Mortise Cylinder, Biaxial, Bright Brass, Mobile",162
MDO6072,100500W-05-G3S,"Medeco 1-1/4in Motirse Cylinder, Biaxial, Bright Brass, Shared ",183
MDO6073,100500W-05-PAS,"Medeco 1-1/4in Mortise Cylinder, Biaxial Patriot, Bright Brass, Shared",83
MDO6074,100500W-06-X3S,"Medeco 1-1/4in Mortise Cylinder, Biaxial, Satin Brass, Bloomington",133
MDO6075,100500W-06-Z3S,"Medeco 1-1/4in Mortise Cylinder, Biaxial, Satin Brass, Mobile",142
MDO6076,100500W-06-G3S,"Medeco 1-1/4in Motirse Cylinder, Biaxial, Satin Brass, Shared ",190
MDO6077,100500W-06-PAS,"Medeco 1-1/4in Mortise Cylinder, Biaxial Patriot, Satin Brass, Shared",127
MDO6078,100500W-13-X3S,"Medeco 1-1/4in Mortise Cylinder, Biaxial, Oil Rubbed Bronze, Bloomington",197
MDO6079,100500W-13-Z3S,"Medeco 1-1/4in Mortise Cylinder, Biaxial, Oil Rubbed Bronze, Mobile",155
MDO6080,100500W-13-G3S,"Medeco 1-1/4in Motirse Cylinder, Biaxial, Oil Rubbed Bronze, Shared ",183
MDO6081,100500W-13-PAS,"Medeco 1-1/4in Mortise Cylinder, Biaxial Patriot, Oil Rubbed Bronze, Shared",193
MDO6082,100500W-22-X3S,"Medeco 1-1/4in Mortise Cylinder, Biaxial, Flat Black, Bloomington",122
MDO6083,100500W-22-Z3S,"Medeco 1-1/4in Mortise Cylinder, Biaxial, Flat Black, Mobile",140
MDO6084,100500W-22-G3S,"Medeco 1-1/4in Motirse Cylinder, Biaxial, Flat Black, Shared ",192
MDO6085,100500W-22-PAS,"Medeco 1-1/4in Mortise Cylinder, Biaxial Patriot, Flat Black, Shared",108
MDO6086,100500W-24-X3S,"Medeco 1-1/4in Mortise Cylinder, Biaxial, Dark Bronze, Bloomington",158
MDO6087,100500W-24-Z3S,"Medeco 1-1/4in Mortise Cylinder, Biaxial, Dark Bronze, Mobile",163
MDO6088,100500W-24-G3S,"Medeco 1-1/4in Motirse Cylinder, Biaxial, Dark Bronze, Shared ",189
MDO6089,100500W-24-PAS,"Medeco 1-1/4in Mortise Cylinder, Biaxial Patriot, Dark Bronze, Shared",118
MDO6090,100500W-26-X3S,"Medeco 1-1/4in Mortise Cylinder, Biaxial, Satin Chrome, Bloomington",141
MDO6091,100500W-26-Z3S,"Medeco 1-1/4in Mortise Cylinder, Biaxial, Satin Chrome, Mobile",181
MDO6092,100500W-26-G3S,"Medeco 1-1/4in Motirse Cylinder, Biaxial, Satin Chrome, Shared ",127
MDO6093,100500W-26-PAS,"Medeco 1-1/4in Mortise Cylinder, Biaxial Patriot, Satin Chrome, Shared",161
MDO6094,100500W-BB-X3S,"Medeco 1-1/4in Mortise Cylinder, Biaxial, Matte Black, Bloomington",111
MDO6095,100500W-BB-Z3S,"Medeco 1-1/4in Mortise Cylinder, Biaxial, Matte Black, Mobile",109
MDO6096,100500W-BB-G3S,"Medeco 1-1/4in Motirse Cylinder, Biaxial, Matte Black, Shared ",161
MDO6097,100500W-BB-PAS,"Medeco 1-1/4in Mortise Cylinder, Biaxial Patriot, Matte Black, Shared",145
MDO6098,105200W-05-X3S,"Medeco 1-1/2in Mortise Cylinder, Biaxial, Bright Brass, Bloomington",163
MDO6099,105200W-05-Z3S,"Medeco 1-1/2in Mortise Cylinder, Biaxial, Bright Brass, Mobile",107
MDO6100,105200W-05-G3S,"Medeco 1-1/2in Motirse Cylinder, Biaxial, Bright Brass, Shared ",188
MDO6101,105200W-05-PAS,"Medeco 1-1/2in Mortise Cylinder, Biaxial Patriot, Bright Brass, Shared",81
MDO6102,105200W-06-X3S,"Medeco 1-1/2in Mortise Cylinder, Biaxial, Satin Brass, Bloomington",126
MDO6103,105200W-06-Z3S,"Medeco 1-1/2in Mortise Cylinder, Biaxial, Satin Brass, Mobile",91
MDO6104,105200W-06-G3S,"Medeco 1-1/2in Motirse Cylinder, Biaxial, Satin Brass, Shared ",144
MDO6105,105200W-06-PAS,"Medeco 1-1/2in Mortise Cylinder, Biaxial Patriot, Satin Brass, Shared",92
MDO6106,105200W-13-X3S,"Medeco 1-1/2in Mortise Cylinder, Biaxial, Oil Rubbed Bronze, Bloomington",145
MDO6107,105200W-13-Z3S,"Medeco 1-1/2in Mortise Cylinder, Biaxial, Oil Rubbed Bronze, Mobile",195
MDO6108,105200W-13-G3S,"Medeco 1-1/2in Motirse Cylinder, Biaxial, Oil Rubbed Bronze, Shared ",131
MDO6109,105200W-13-PAS,"Medeco 1-1/2in Mortise Cylinder, Biaxial Patriot, Oil Rubbed Bronze, Shared",200
MDO6110,105200W-22-X3S,"Medeco 1-1/2in Mortise Cylinder, Biaxial, Flat Black, Bloomington",100
MDO6111,105200W-22-Z3S,"Medeco 1-1/2in Mortise Cylinder, Biaxial, Flat Black, Mobile",117
MDO6112,105200W-22-G3S,"Medeco 1-1/2in Motirse Cylinder, Biaxial, Flat Black, Shared ",153
MDO6113,105200W-22-PAS,"Medeco 1-1/2in Mortise Cylinder, Biaxial Patriot, Flat Black, Shared",114
MDO6114,105200W-24-X3S,"Medeco 1-1/2in Mortise Cylinder, Biaxial, Dark Bronze, Bloomington",124
MDO6115,105200W-24-Z3S,"Medeco 1-1/2in Mortise Cylinder, Biaxial, Dark Bronze, Mobile",179
MDO6116,105200W-24-G3S,"Medeco 1-1/2in Motirse Cylinder, Biaxial, Dark Bronze, Shared ",138
MDO6117,105200W-24-PAS,"Medeco 1-1/2in Mortise Cylinder, Biaxial Patriot, Dark Bronze, Shared",144
MDO6118,105200W-26-X3S,"Medeco 1-1/2in Mortise Cylinder, Biaxial, Satin Chrome, Bloomington",171
MDO6119,105200W-26-Z3S,"Medeco 1-1/2in Mortise Cylinder, Biaxial, Satin Chrome, Mobile",172
MDO6120,105200W-26-G3S,"Medeco 1-1/2in Motirse Cylinder, Biaxial, Satin Chrome, Shared ",98
MDO6121,105200W-26-PAS,"Medeco 1-1/2in Mortise Cylinder, Biaxial Patriot, Satin Chrome, Shared",163
MDO6122,105200W-BB-X3S,"Medeco 1-1/2in Mortise Cylinder, Biaxial, Matte Black, Bloomington",96
MDO6123,105200W-BB-Z3S,"Medeco 1-1/2in Mortise Cylinder, Biaxial, Matte Black, Mobile",86
MDO6124,105200W-BB-G3S,"Medeco 1-1/2in Motirse Cylinder, Biaxial, Matte Black, Shared ",115
MDO6125,105200W-BB-PAS,"Medeco 1-1/2in Mortise Cylinder, Biaxial Patriot, Matte Black, Shared",136
MDO6126,100400HW-05-X3S,"Medeco 1-1/8in Rim Cylinder, Biaxial, Bright Brass, Bloomington",84
MDO6127,100400HW-05-Z3S,"Medeco 1-1/8in Rim Cylinder, Biaxial, Bright Brass, Mobile",102
MDO6128,100400HW-05-G3S,"Medeco 1-1/8in Rim Cylinder, Biaxial, Bright Brass, Shared",138
MDO6129,100400HW-05-PAS,"Medeco 1-1/8in Rim Cylinder, Biaxial Patriot, Bright Brass, Shared",124
MDO6130,100400HW-06-X3S,"Medeco 1-1/8in Rim Cylinder, Biaxial, Satin Brass, Bloomington",110
MDO6131,100400HW-06-Z3S,"Medeco 1-1/8in Rim Cylinder, Biaxial, Satin Brass, Mobile",115
MDO6132,100400HW-06-G3S,"Medeco 1-1/8in Rim Cylinder, Biaxial, Satin Brass, Shared",125
MDO6133,100400HW-06-PAS,"Medeco 1-1/8in Rim Cylinder, Biaxial Patriot, Satin Brass, Shared",118
MDO6134,100400HW-13-X3S,"Medeco 1-1/8in Rim Cylinder, Biaxial, Oil Rubbed Bronze, Bloomington",165
MDO6135,100400HW-13-Z3S,"Medeco 1-1/8in Rim Cylinder, Biaxial, Oil Rubbed Bronze, Mobile",130
MDO6136,100400HW-13-G3S,"Medeco 1-1/8in Rim Cylinder, Biaxial, Oil Rubbed Bronze, Shared",129
MDO6137,100400HW-13-PAS,"Medeco 1-1/8in Rim Cylinder, Biaxial Patriot, Oil Rubbed Bronze, Shared",102
MDO6138,100400HW-22-X3S,"Medeco 1-1/8in Rim Cylinder, Biaxial, Flat Black, Bloomington",96
MDO6139,100400HW-22-Z3S,"Medeco 1-1/8in Rim Cylinder, Biaxial, Flat Black, Mobile",130
MDO6140,100400HW-22-G3S,"Medeco 1-1/8in Rim Cylinder, Biaxial, Flat Black, Shared",121
MDO6141,100400HW-22-PAS,"Medeco 1-1/8in Rim Cylinder, Biaxial Patriot, Flat Black, Shared",192
MDO6142,100400HW-24-X3S,"Medeco 1-1/8in Rim Cylinder, Biaxial, Dark Bronze, Bloomington",157
MDO6143,100400HW-24-Z3S,"Medeco 1-1/8in Rim Cylinder, Biaxial, Dark Bronze, Mobile",113
MDO6144,100400HW-24-G3S,"Medeco 1-1/8in Rim Cylinder, Biaxial, Dark Bronze, Shared",88
MDO6145,100400HW-24-PAS,"Medeco 1-1/8in Rim Cylinder, Biaxial Patriot, Dark Bronze, Shared",144
MDO6146,100400HW-26-X3S,"Medeco 1-1/8in Rim Cylinder, Biaxial, Satin Chrome, Bloomington",116
MDO6147,100400HW-26-Z3S,"Medeco 1-1/8in Rim Cylinder, Biaxial, Satin Chrome, Mobile",88
MDO6148,100400HW-26-G3S,"Medeco 1-1/8in Rim Cylinder, Biaxial, Satin Chrome, Shared",158
MDO6149,100400HW-26-PAS,"Medeco 1-1/8in Rim Cylinder, Biaxial Patriot, Satin Chrome, Shared",178
MDO6150,100400HW-BB-X3S,"Medeco 1-1/8in Rim Cylinder, Biaxial, Matte Black, Bloomington",182
MDO6151,100400HW-BB-Z3S,"Medeco 1-1/8in Rim Cylinder, Biaxial, Matte Black, Mobile",193
MDO6152,100400HW-BB-G3S,"Medeco 1-1/8in Rim Cylinder, Biaxial, Matte Black, Shared",144
MDO6153,100400HW-BB-PAS,"Medeco 1-1/8in Rim Cylinder, Biaxial Patriot, Matte Black, Shared",114
MDO6154,100100T-05-FHS,"Medeco 1in Mortise Cylinder, M3, Bright Brass, Bloomington",161
MDO6155,100100T-05-FKS,"Medeco 1in Mortise Cylinder, M3, Bright Brass, Mobile",119
MDO6156,100100T-05-DXS,"Medeco 1in Mortise Cylinder, M3, Bright Brass, TRANS-Alarm",186
MDO6157,100100T-05-DHS,"Medeco 1in Mortise Cylinder, M3, Bright Brass, Minneapolis Lock",195
MDO6158,100100T-06-FHS,"Medeco 1in Mortise Cylinder, M3, Satin Brass, Bloomington",151
MDO6159,100100T-06-FKS,"Medeco 1in Mortise Cylinder, M3, Satin Brass, Mobile",110
MDO6160,100100T-06-DXS,"Medeco 1in Mortise Cylinder, M3, Satin Brass, TRANS-Alarm",113
MDO6161,100100T-06-DHS,"Medeco 1in Mortise Cylinder, M3, Satin Brass, Minneapolis Lock",82
MDO6162,100100T-13-FHS,"Medeco 1in Mortise Cylinder, M3, OIl Rubbed Bronze, Bloomington",200
MDO6163,100100T-13-FKS,"Medeco 1in Mortise Cylinder, M3, OIl Rubbed Bronze, Mobile",160
MDO6164,100100T-13-DXS,"Medeco 1in Mortise Cylinder, M3, OIl Rubbed Bronze, TRANS-Alarm",89
MDO6165,100100T-13-DHS,"Medeco 1in Mortise Cylinder, M3, OIl Rubbed Bronze, Minneapolis Lock",146
MDO6166,100100T-22-FHS,"Medeco 1in Mortise Cylinder, M3, Flat Black, Bloomington",130
MDO6167,100100T-22-FKS,"Medeco 1in Mortise Cylinder, M3, Flat Black, Mobile",94
MDO6168,100100T-22-DXS,"Medeco 1in Mortise Cylinder, M3, Flat Black, TRANS-Alarm",166
MDO6169,100100T-22-DHS,"Medeco 1in Mortise Cylinder, M3, Flat Black, Minneapolis Lock",147
MDO6170,100100T-24-FHS,"Medeco 1in Mortise Cylinder, M3, Dark Bronze, Bloomington",163
MDO6171,100100T-24-FKS,"Medeco 1in Mortise Cylinder, M3, Dark Bronze, Mobile",130
MDO6172,100100T-24-DXS,"Medeco 1in Mortise Cylinder, M3, Dark Bronze, TRANS-Alarm",147
MDO6173,100100T-24-DHS,"Medeco 1in Mortise Cylinder, M3, Dark Bronze, Minneapolis Lock",80
MDO6174,100100T-26-FHS,"Medeco 1in Mortise Cylinder, M3, Satin Chrome, Bloomington",134
MDO6175,100100T-26-FKS,"Medeco 1in Mortise Cylinder, M3, Satin Chrome, Mobile",174
MDO6176,100100T-26-DXS,"Medeco 1in Mortise Cylinder, M3, Satin Chrome, TRANS-Alarm",91
MDO6177,100100T-26-DHS,"Medeco 1in Mortise Cylinder, M3, Satin Chrome, Minneapolis Lock",198
MDO6178,100100T-BB-FHS,"Medeco 1in Mortise Cylinder, M3, Matte Black, Bloomington",190
MDO6179,100100T-BB-FKS,"Medeco 1in Mortise Cylinder, M3, Matte Black, Mobile",96
MDO6180,100100T-BB-DXS,"Medeco 1in Mortise Cylinder, M3, Matte Black, TRANS-Alarm",100
MDO6181,100100T-BB-DHS,"Medeco 1in Mortise Cylinder, M3, Matte Black, Minneapolis Lock",123
MDO6182,100200T-05-FHS,"Medeco 1-1/8in Mortise Cylinder, M3, Bright Brass, Bloomington",120
MDO6183,100200T-05-FKS,"Medeco 1-1/8in Mortise Cylinder, M3, Bright Brass, Mobile",191
MDO6184,100200T-05-DXS,"Medeco 1-1/8in Mortise Cylinder, M3, Bright Brass, TRANS-Alarm",175
MDO6185,100200T-05-DHS,"Medeco 1-1/8in Mortise Cylinder, M3, Bright Brass, Minneapolis Lock",85
MDO6186,100200T-06-FHS,"Medeco 1-1/8in Mortise Cylinder, M3, Satin Brass, Bloomington",146
MDO6187,100200T-06-FKS,"Medeco 1-1/8in Mortise Cylinder, M3, Satin Brass, Mobile",140
MDO6188,100200T-06-DXS,"Medeco 1-1/8in Mortise Cylinder, M3, Satin Brass, TRANS-Alarm",85
MDO6189,100200T-06-DHS,"Medeco 1-1/8in Mortise Cylinder, M3, Satin Brass, Minneapolis Lock",115
MDO6190,100200T-13-FHS,"Medeco 1-1/8in Mortise Cylinder, M3, OIl Rubbed Bronze, Bloomington",181
MDO6191,100200T-13-FKS,"Medeco 1-1/8in Mortise Cylinder, M3, OIl Rubbed Bronze, Mobile",92
MDO6192,100200T-13-DXS,"Medeco 1-1/8in Mortise Cylinder, M3, OIl Rubbed Bronze, TRANS-Alarm",163
MDO6193,100200T-13-DHS,"Medeco 1-1/8in Mortise Cylinder, M3, OIl Rubbed Bronze, Minneapolis Lock",180
MDO6194,100200T-22-FHS,"Medeco 1-1/8in Mortise Cylinder, M3, Flat Black, Bloomington",186
MDO6195,100200T-22-FKS,"Medeco 1-1/8in Mortise Cylinder, M3, Flat Black, Mobile",182
MDO6196,100200T-22-DXS,"Medeco 1-1/8in Mortise Cylinder, M3, Flat Black, TRANS-Alarm",173
MDO6197,100200T-22-DHS,"Medeco 1-1/8in Mortise Cylinder, M3, Flat Black, Minneapolis Lock",144
MDO6198,100200T-24-FHS,"Medeco 1-1/8in Mortise Cylinder, M3, Dark Bronze, Bloomington",90
MDO6199,100200T-24-FKS,"Medeco 1-1/8in Mortise Cylinder, M3, Dark Bronze, Mobile",190
MDO6200,100200T-24-DXS,"Medeco 1-1/8in Mortise Cylinder, M3, Dark Bronze, TRANS-Alarm",101
MDO6201,100200T-24-DHS,"Medeco 1-1/8in Mortise Cylinder, M3, Dark Bronze, Minneapolis Lock",165
MDO6202,100200T-26-FHS,"Medeco 1-1/8in Mortise Cylinder, M3, Satin Chrome, Bloomington",88
MDO6203,100200T-26-FKS,"Medeco 1-1/8in Mortise Cylinder, M3, Satin Chrome, Mobile",107
MDO6204,100200T-26-DXS,"Medeco 1-1/8in Mortise Cylinder, M3, Satin Chrome, TRANS-Alarm",144
MDO6205,100200T-26-DHS,"Medeco 1-1/8in Mortise Cylinder, M3, Satin Chrome, Minneapolis Lock",168
MDO6206,100200T-BB-FHS,"Medeco 1-1/8in Mortise Cylinder, M3, Matte Black, Bloomington",185
MDO6207,100200T-BB-FKS,"Medeco 1-1/8in Mortise Cylinder, M3, Matte Black, Mobile",131
MDO6208,100200T-BB-DXS,"Medeco 1-1/8in Mortise Cylinder, M3, Matte Black, TRANS-Alarm",130
MDO6209,100200T-BB-DHS,"Medeco 1-1/8in Mortise Cylinder, M3, Matte Black, Minneapolis Lock",102
MDO6210,100500T-05-FHS,"Medeco 1-1/4in Mortise Cylinder, M3, Bright Brass, Bloomington",164
MDO6211,100500T-05-FKS,"Medeco 1-1/4in Mortise Cylinder, M3, Bright Brass, Mobile",198
MDO6212,100500T-05-DXS,"Medeco 1-1/4in Mortise Cylinder, M3, Bright Brass, TRANS-Alarm",88
MDO6213,100500T-05-DHS,"Medeco 1-1/4in Mortise Cylinder, M3, Bright Brass, Minneapolis Lock",161
MDO6214,100500T-06-FHS,"Medeco 1-1/4in Mortise Cylinder, M3, Satin Brass, Bloomington",111
MDO6215,100500T-06-FKS,"Medeco 1-1/4in Mortise Cylinder, M3, Satin Brass, Mobile",123
MDO6216,100500T-06-DXS,"Medeco 1-1/4in Mortise Cylinder, M3, Satin Brass, TRANS-Alarm",167
MDO6217,100500T-06-DHS,"Medeco 1-1/4in Mortise Cylinder, M3, Satin Brass, Minneapolis Lock",155
MDO6218,100500T-13-FHS,"Medeco 1-1/4in Mortise Cylinder, M3, OIl Rubbed Bronze, Bloomington",170
MDO6219,100500T-13-FKS,"Medeco 1-1/4in Mortise Cylinder, M3, OIl Rubbed Bronze, Mobile",126
MDO6220,100500T-13-DXS,"Medeco 1-1/4in Mortise Cylinder, M3, OIl Rubbed Bronze, TRANS-Alarm",103
MDO6221,100500T-13-DHS,"Medeco 1-1/4in Mortise Cylinder, M3, OIl Rubbed Bronze, Minneapolis Lock",184
MDO6222,100500T-22-FHS,"Medeco 1-1/4in Mortise Cylinder, M3, Flat Black, Bloomington",178
MDO6223,100500T-22-FKS,"Medeco 1-1/4in Mortise Cylinder, M3, Flat Black, Mobile",159
MDO6224,100500T-22-DXS,"Medeco 1-1/4in Mortise Cylinder, M3, Flat Black, TRANS-Alarm",108
MDO6225,100500T-22-DHS,"Medeco 1-1/4in Mortise Cylinder, M3, Flat Black, Minneapolis Lock",114
MDO6226,100500T-24-FHS,"Medeco 1-1/4in Mortise Cylinder, M3, Dark Bronze, Bloomington",163
MDO6227,100500T-24-FKS,"Medeco 1-1/4in Mortise Cylinder, M3, Dark Bronze, Mobile",134
MDO6228,100500T-24-DXS,"Medeco 1-1/4in Mortise Cylinder, M3, Dark Bronze, TRANS-Alarm",180
MDO6229,100500T-24-DHS,"Medeco 1-1/4in Mortise Cylinder, M3, Dark Bronze, Minneapolis Lock",168
MDO6230,100500T-26-FHS,"Medeco 1-1/4in Mortise Cylinder, M3, Satin Chrome, Bloomington",98
MDO6231,100500T-26-FKS,"Medeco 1-1/4in Mortise Cylinder, M3, Satin Chrome, Mobile",196
MDO6232,100500T-26-DXS,"Medeco 1-1/4in Mortise Cylinder, M3, Satin Chrome, TRANS-Alarm",145
MDO6233,100500T-26-DHS,"Medeco 1-1/4in Mortise Cylinder, M3, Satin Chrome, Minneapolis Lock",85
MDO6234,100500T-BB-FHS,"Medeco 1-1/4in Mortise Cylinder, M3, Matte Black, Bloomington",108
MDO6235,100500T-BB-FKS,"Medeco 1-1/4in Mortise Cylinder, M3, Matte Black, Mobile",97
MDO6236,100500T-BB-DXS,"Medeco 1-1/4in Mortise Cylinder, M3, Matte Black, TRANS-Alarm",194
MDO6237,100500T-BB-DHS,"Medeco 1-1/4in Mortise Cylinder, M3, Matte Black, Minneapolis Lock",200
MDO6238,105200T-05-FHS,"Medeco 1-1/2in Mortise Cylinder, M3, Bright Brass, Bloomington",89
MDO6239,105200T-05-FKS,"Medeco 1-1/2in Mortise Cylinder, M3, Bright Brass, Mobile",160
MDO6240,105200T-05-DXS,"Medeco 1-1/2in Mortise Cylinder, M3, Bright Brass, TRANS-Alarm",104
MDO6241,105200T-05-DHS,"Medeco 1-1/2in Mortise Cylinder, M3, Bright Brass, Minneapolis Lock",166
MDO6242,105200T-06-FHS,"Medeco 1-1/2in Mortise Cylinder, M3, Satin Brass, Bloomington",168
MDO6243,105200T-06-FKS,"Medeco 1-1/2in Mortise Cylinder, M3, Satin Brass, Mobile",129
MDO6244,105200T-06-DXS,"Medeco 1-1/2in Mortise Cylinder, M3, Satin Brass, TRANS-Alarm",159
MDO6245,105200T-06-DHS,"Medeco 1-1/2in Mortise Cylinder, M3, Satin Brass, Minneapolis Lock",133
MDO6246,105200T-13-FHS,"Medeco 1-1/2in Mortise Cylinder, M3, OIl Rubbed Bronze, Bloomington",98
MDO6247,105200T-13-FKS,"Medeco 1-1/2in Mortise Cylinder, M3, OIl Rubbed Bronze, Mobile",157
MDO6248,105200T-13-DXS,"Medeco 1-1/2in Mortise Cylinder, M3, OIl Rubbed Bronze, TRANS-Alarm",110
MDO6249,105200T-13-DHS,"Medeco 1-1/2in Mortise Cylinder, M3, OIl Rubbed Bronze, Minneapolis Lock",112
MDO6250,105200T-22-FHS,"Medeco 1-1/2in Mortise Cylinder, M3, Flat Black, Bloomington",116
MDO6251,105200T-22-FKS,"Medeco 1-1/2in Mortise Cylinder, M3, Flat Black, Mobile",129
MDO6252,105200T-22-DXS,"Medeco 1-1/2in Mortise Cylinder, M3, Flat Black, TRANS-Alarm",129
MDO6253,105200T-22-DHS,"Medeco 1-1/2in Mortise Cylinder, M3, Flat Black, Minneapolis Lock",163
MDO6254,105200T-24-FHS,"Medeco 1-1/2in Mortise Cylinder, M3, Dark Bronze, Bloomington",143
MDO6255,105200T-24-FKS,"Medeco 1-1/2in Mortise Cylinder, M3, Dark Bronze, Mobile",141
MDO6256,105200T-24-DXS,"Medeco 1-1/2in Mortise Cylinder, M3, Dark Bronze, TRANS-Alarm",84
MDO6257,105200T-24-DHS,"Medeco 1-1/2in Mortise Cylinder, M3, Dark Bronze, Minneapolis Lock",138
MDO6258,105200T-26-FHS,"Medeco 1-1/2in Mortise Cylinder, M3, Satin Chrome, Bloomington",118
MDO6259,105200T-26-FKS,"Medeco 1-1/2in Mortise Cylinder, M3, Satin Chrome, Mobile",137
MDO6260,105200T-26-DXS,"Medeco 1-1/2in Mortise Cylinder, M3, Satin Chrome, TRANS-Alarm",142
MDO6261,105200T-26-DHS,"Medeco 1-1/2in Mortise Cylinder, M3, Satin Chrome, Minneapolis Lock",114
MDO6262,105200T-BB-FHS,"Medeco 1-1/2in Mortise Cylinder, M3, Matte Black, Bloomington",100
MDO6263,105200T-BB-FKS,"Medeco 1-1/2in Mortise Cylinder, M3, Matte Black, Mobile",90
MDO6264,105200T-BB-DXS,"Medeco 1-1/2in Mortise Cylinder, M3, Matte Black, TRANS-Alarm",89
MDO6265,105200T-BB-DHS,"Medeco 1-1/2in Mortise Cylinder, M3, Matte Black, Minneapolis Lock",191
MDO6266,100400HT-05-FHS,"Medeco 1-1/8in Rim Cylinder, M3, Bright Brass, Bloomington",90
MDO6267,100400HT-05-FKS,"Medeco 1-1/8in Rim Cylinder, M3, Bright Brass, Mobile",127
MDO6268,100400HT-05-DXS,"Medeco 1-1/8in Rim Cylinder, M3, Bright Brass, TRANS-Alarm",198
MDO6269,100400HT-05-DHS,"Medeco 1-1/8in Rim Cylinder, M3, Bright Brass, Minneapolis Lock",108
MDO6270,100400HT-06-FHS,"Medeco 1-1/8in Rim Cylinder, M3, Satin Brass, Bloomington",174
MDO6271,100400HT-06-FKS,"Medeco 1-1/8in Rim Cylinder, M3, Satin Brass, Mobile",101
MDO6272,100400HT-06-DXS,"Medeco 1-1/8in Rim Cylinder, M3, Satin Brass, TRANS-Alarm",176
MDO6273,100400HT-06-DHS,"Medeco 1-1/8in Rim Cylinder, M3, Satin Brass, Minneapolis Lock",110
MDO6274,100400HT-13-FHS,"Medeco 1-1/8in Rim Cylinder, M3, OIl Rubbed Bronze, Bloomington",111
MDO6275,100400HT-13-FKS,"Medeco 1-1/8in Rim Cylinder, M3, OIl Rubbed Bronze, Mobile",186
MDO6276,100400HT-13-DXS,"Medeco 1-1/8in Rim Cylinder, M3, OIl Rubbed Bronze, TRANS-Alarm",139
MDO6277,100400HT-13-DHS,"Medeco 1-1/8in Rim Cylinder, M3, OIl Rubbed Bronze, Minneapolis Lock",192
MDO6278,100400HT-22-FHS,"Medeco 1-1/8in Rim Cylinder, M3, Flat Black, Bloomington",100
MDO6279,100400HT-22-FKS,"Medeco 1-1/8in Rim Cylinder, M3, Flat Black, Mobile",100
MDO6280,100400HT-22-DXS,"Medeco 1-1/8in Rim Cylinder, M3, Flat Black, TRANS-Alarm",187
MDO6281,100400HT-22-DHS,"Medeco 1-1/8in Rim Cylinder, M3, Flat Black, Minneapolis Lock",169
MDO6282,100400HT-24-FHS,"Medeco 1-1/8in Rim Cylinder, M3, Dark Bronze, Bloomington",143
MDO6283,100400HT-24-FKS,"Medeco 1-1/8in Rim Cylinder, M3, Dark Bronze, Mobile",122
MDO6284,100400HT-24-DXS,"Medeco 1-1/8in Rim Cylinder, M3, Dark Bronze, TRANS-Alarm",143
MDO6285,100400HT-24-DHS,"Medeco 1-1/8in Rim Cylinder, M3, Dark Bronze, Minneapolis Lock",116
MDO6286,100400HT-26-FHS,"Medeco 1-1/8in Rim Cylinder, M3, Satin Chrome, Bloomington",84
MDO6287,100400HT-26-FKS,"Medeco 1-1/8in Rim Cylinder, M3, Satin Chrome, Mobile",199
MDO6288,100400HT-26-DXS,"Medeco 1-1/8in Rim Cylinder, M3, Satin Chrome, TRANS-Alarm",154
MDO6289,100400HT-26-DHS,"Medeco 1-1/8in Rim Cylinder, M3, Satin Chrome, Minneapolis Lock",118
MDO6290,100400HT-BB-FHS,"Medeco 1-1/8in Rim Cylinder, M3, Matte Black, Bloomington",180
MDO6291,100400HT-BB-FKS,"Medeco 1-1/8in Rim Cylinder, M3, Matte Black, Mobile",109
MDO6292,100400HT-BB-DXS,"Medeco 1-1/8in Rim Cylinder, M3, Matte Black, TRANS-Alarm",189
MDO6293,100400HT-BB-DHS,"Medeco 1-1/8in Rim Cylinder, M3, Matte Black, Minneapolis Lock",159
MDO6294,100100J-05-DHS,"Medeco 1in Mortise Cylinder, M3 Bi-Level, Bright Brass, Minneapolis Lock",157
MDO6295,100100J-05-FHS,"Medeco 1in Mortise Cylinder, M3 Bi-Level, Bright Brass, Bloomington",127
MDO6296,100100J-06-DHS,"Medeco 1in Mortise Cylinder, M3 Bi-Level, Satin Brass, Minneapolis Lock",122
MDO6297,100100J-06-FHS,"Medeco 1in Mortise Cylinder, M3 Bi-Level, Satin Brass, Bloomington",114
MDO6298,100100J-13-DHS,"Medeco 1in Mortise Cylinder, M3 Bi-Level, Oil Rubbed Bronze , Minneapolis Lock",95
MDO6299,100100J-13-FHS,"Medeco 1in Mortise Cylinder, M3 Bi-Level, Oil Rubbed Bronze , Bloomington",89
MDO6300,100100J-22-DHS,"Medeco 1in Mortise Cylinder, M3 Bi-Level, Flat Black , Minneapolis Lock",161
MDO6301,100100J-22-FHS,"Medeco 1in Mortise Cylinder, M3 Bi-Level, Flat Black , Bloomington",95
MDO6302,100100J-24-DHS,"Medeco 1in Mortise Cylinder, M3 Bi-Level, Dark Bronze , Minneapolis Lock",194
MDO6303,100100J-24-FHS,"Medeco 1in Mortise Cylinder, M3 Bi-Level, Dark Bronze , Bloomington",116
MDO6304,100100J-26-DHS,"Medeco 1in Mortise Cylinder, M3 Bi-Level, Satin Chrome , Minneapolis Lock",94
MDO6305,100100J-26-FHS,"Medeco 1in Mortise Cylinder, M3 Bi-Level, Satin Chrome , Bloomington",159
MDO6306,100100J-BB-DHS,"Medeco 1in Mortise Cylinder, M3 Bi-Level, Matte Black, Minneapolis Lock",137
MDO6307,100100J-BB-FHS,"Medeco 1in Mortise Cylinder, M3 Bi-Level, Matte Black, Bloomington",155
MDO6308,100200J-05-DHS,"Medeco 1-1/8in Mortise Cylinder, M3 Bi-Level, Bright Brass, Minneapolis Lock",133
MDO6309,100200J-05-FHS,"Medeco 1-1/8in Mortise Cylinder, M3 Bi-Level, Bright Brass, Bloomington",159
MDO6310,100200J-06-DHS,"Medeco 1-1/8in Mortise Cylinder, M3 Bi-Level, Satin Brass, Minneapolis Lock",103
MDO6311,100200J-06-FHS,"Medeco 1-1/8in Mortise Cylinder, M3 Bi-Level, Satin Brass, Bloomington",132
MDO6312,100200J-13-DHS,"Medeco 1-1/8in Mortise Cylinder, M3 Bi-Level, Oil Rubbed Bronze , Minneapolis Lock",174
MDO6313,100200J-13-FHS,"Medeco 1-1/8in Mortise Cylinder, M3 Bi-Level, Oil Rubbed Bronze , Bloomington",181
MDO6314,100200J-22-DHS,"Medeco 1-1/8in Mortise Cylinder, M3 Bi-Level, Flat Black , Minneapolis Lock",166
MDO6315,100200J-22-FHS,"Medeco 1-1/8in Mortise Cylinder, M3 Bi-Level, Flat Black , Bloomington",155
MDO6316,100200J-24-DHS,"Medeco 1-1/8in Mortise Cylinder, M3 Bi-Level, Dark Bronze , Minneapolis Lock",157
MDO6317,100200J-24-FHS,"Medeco 1-1/8in Mortise Cylinder, M3 Bi-Level, Dark Bronze , Bloomington",134
MDO6318,100200J-26-DHS,"Medeco 1-1/8in Mortise Cylinder, M3 Bi-Level, Satin Chrome , Minneapolis Lock",200
MDO6319,100200J-26-FHS,"Medeco 1-1/8in Mortise Cylinder, M3 Bi-Level, Satin Chrome , Bloomington",184
MDO6320,100200J-BB-DHS,"Medeco 1-1/8in Mortise Cylinder, M3 Bi-Level, Matte Black, Minneapolis Lock",129
MDO6321,100200J-BB-FHS,"Medeco 1-1/8in Mortise Cylinder, M3 Bi-Level, Matte Black, Bloomington",150
MDO6322,100500J-05-DHS,"Medeco 1-1/4in Mortise Cylinder, M3 Bi-Level, Bright Brass, Minneapolis Lock",174
MDO6323,100500J-05-FHS,"Medeco 1-1/4in Mortise Cylinder, M3 Bi-Level, Bright Brass, Bloomington",133
MDO6324,100500J-06-DHS,"Medeco 1-1/4in Mortise Cylinder, M3 Bi-Level, Satin Brass, Minneapolis Lock",88
MDO6325,100500J-06-FHS,"Medeco 1-1/4in Mortise Cylinder, M3 Bi-Level, Satin Brass, Bloomington",90
MDO6326,100500J-13-DHS,"Medeco 1-1/4in Mortise Cylinder, M3 Bi-Level, Oil Rubbed Bronze , Minneapolis Lock",166
MDO6327,100500J-13-FHS,"Medeco 1-1/4in Mortise Cylinder, M3 Bi-Level, Oil Rubbed Bronze , Bloomington",82
MDO6328,100500J-22-DHS,"Medeco 1-1/4in Mortise Cylinder, M3 Bi-Level, Flat Black , Minneapolis Lock",157
MDO6329,100500J-22-FHS,"Medeco 1-1/4in Mortise Cylinder, M3 Bi-Level, Flat Black , Bloomington",112
MDO6330,100500J-24-DHS,"Medeco 1-1/4in Mortise Cylinder, M3 Bi-Level, Dark Bronze , Minneapolis Lock",165
MDO6331,100500J-24-FHS,"Medeco 1-1/4in Mortise Cylinder, M3 Bi-Level, Dark Bronze , Bloomington",145
MDO6332,100500J-26-DHS,"Medeco 1-1/4in Mortise Cylinder, M3 Bi-Level, Satin Chrome , Minneapolis Lock",168
MDO6333,100500J-26-FHS,"Medeco 1-1/4in Mortise Cylinder, M3 Bi-Level, Satin Chrome , Bloomington",193
MDO6334,100500J-BB-DHS,"Medeco 1-1/4in Mortise Cylinder, M3 Bi-Level, Matte Black, Minneapolis Lock",103
MDO6335,100500J-BB-FHS,"Medeco 1-1/4in Mortise Cylinder, M3 Bi-Level, Matte Black, Bloomington",103
MDO6336,105200J-05-DHS,"Medeco 1-1/2in Mortise Cylinder, M3 Bi-Level, Bright Brass, Minneapolis Lock",123
MDO6337,105200J-05-FHS,"Medeco 1-1/2in Mortise Cylinder, M3 Bi-Level, Bright Brass, Bloomington",141
MDO6338,105200J-06-DHS,"Medeco 1-1/2in Mortise Cylinder, M3 Bi-Level, Satin Brass, Minneapolis Lock",192
MDO6339,105200J-06-FHS,"Medeco 1-1/2in Mortise Cylinder, M3 Bi-Level, Satin Brass, Bloomington",111
MDO6340,105200J-13-DHS,"Medeco 1-1/2in Mortise Cylinder, M3 Bi-Level, Oil Rubbed Bronze , Minneapolis Lock",100
MDO6341,105200J-13-FHS,"Medeco 1-1/2in Mortise Cylinder, M3 Bi-Level, Oil Rubbed Bronze , Bloomington",118
MDO6342,105200J-22-DHS,"Medeco 1-1/2in Mortise Cylinder, M3 Bi-Level, Flat Black , Minneapolis Lock",143
MDO6343,105200J-22-FHS,"Medeco 1-1/2in Mortise Cylinder, M3 Bi-Level, Flat Black , Bloomington",149
MDO6344,105200J-24-DHS,"Medeco 1-1/2in Mortise Cylinder, M3 Bi-Level, Dark Bronze , Minneapolis Lock",93
MDO6345,105200J-24-FHS,"Medeco 1-1/2in Mortise Cylinder, M3 Bi-Level, Dark Bronze , Bloomington",84
MDO6346,105200J-26-DHS,"Medeco 1-1/2in Mortise Cylinder, M3 Bi-Level, Satin Chrome , Minneapolis Lock",196
MDO6347,105200J-26-FHS,"Medeco 1-1/2in Mortise Cylinder, M3 Bi-Level, Satin Chrome , Bloomington",99
MDO6348,105200J-BB-DHS,"Medeco 1-1/2in Mortise Cylinder, M3 Bi-Level, Matte Black, Minneapolis Lock",98
MDO6349,105200J-BB-FHS,"Medeco 1-1/2in Mortise Cylinder, M3 Bi-Level, Matte Black, Bloomington",100
MDO6350,100400HJ-05-DHS,"Medeco 1-1/8in Rim Cylinder, M3 Bi-Level, Bright Brass, Minneapolis Lock",165
MDO6351,100400HJ-05-FHS,"Medeco 1-1/8in Rim Cylinder, M3 Bi-Level, Bright Brass, Bloomington",102
MDO6352,100400HJ-06-DHS,"Medeco 1-1/8in Rim Cylinder, M3 Bi-Level, Satin Brass, Minneapolis Lock",150
MDO6353,100400HJ-06-FHS,"Medeco 1-1/8in Rim Cylinder, M3 Bi-Level, Satin Brass, Bloomington",96
MDO6354,100400HJ-13-DHS,"Medeco 1-1/8in Rim Cylinder, M3 Bi-Level, Oil Rubbed Bronze , Minneapolis Lock",161
MDO6355,100400HJ-13-FHS,"Medeco 1-1/8in Rim Cylinder, M3 Bi-Level, Oil Rubbed Bronze , Bloomington",194
MDO6356,100400HJ-22-DHS,"Medeco 1-1/8in Rim Cylinder, M3 Bi-Level, Flat Black , Minneapolis Lock",199
MDO6357,100400HJ-22-FHS,"Medeco 1-1/8in Rim Cylinder, M3 Bi-Level, Flat Black , Bloomington",118
MDO6358,100400HJ-24-DHS,"Medeco 1-1/8in Rim Cylinder, M3 Bi-Level, Dark Bronze , Minneapolis Lock",190
MDO6359,100400HJ-24-FHS,"Medeco 1-1/8in Rim Cylinder, M3 Bi-Level, Dark Bronze , Bloomington",131
MDO6360,100400HJ-26-DHS,"Medeco 1-1/8in Rim Cylinder, M3 Bi-Level, Satin Chrome , Minneapolis Lock",182
MDO6361,100400HJ-26-FHS,"Medeco 1-1/8in Rim Cylinder, M3 Bi-Level, Satin Chrome , Bloomington",197
MDO6362,100400HJ-BB-DHS,"Medeco 1-1/8in Rim Cylinder, M3 Bi-Level, Matte Black, Minneapolis Lock",186
MDO6363,100400HJ-BB-FHS,"Medeco 1-1/8in Rim Cylinder, M3 Bi-Level, Matte Black, Bloomington",94
MDO6364,100100H-05-43S,"Medeco 1in Mortise Cylinder, M4-Bi Level, Bright Brass, Shared",199
MDO6365,100100H-06-43S,"Medeco 1in Mortise Cylinder, M4-Bi Level, Satin Brass, Shared",138
MDO6366,100100H-13-43S,"Medeco 1in Mortise Cylinder, M4-Bi Level, Oil Rubbed Bronze, Shared",165
MDO6367,100100H-22-43S,"Medeco 1in Mortise Cylinder, M4-Bi Level, Flat Black, Shared",94
MDO6368,100100H-24-43S,"Medeco 1in Mortise Cylinder, M4-Bi Level, Dark Bronze, Shared",116
MDO6369,100100H-26-43S,"Medeco 1in Mortise Cylinder, M4-Bi Level, Satin Chrome, Shared",127
MDO6370,100100H-BB-43S,"Medeco 1in Mortise Cylinder, M4-Bi Level, Matte Black, Shared",99
MDO6371,100200H-05-43S,"Medeco 1-1/8in Mortise Cylinder, M4-Bi Level, Bright Brass, Shared",144
MDO6372,100200H-06-43S,"Medeco 1-1/8in Mortise Cylinder, M4-Bi Level, Satin Brass, Shared",154
MDO6373,100200H-13-43S,"Medeco 1-1/8in Mortise Cylinder, M4-Bi Level, Oil Rubbed Bronze, Shared",175
MDO6374,100200H-22-43S,"Medeco 1-1/8in Mortise Cylinder, M4-Bi Level, Flat Black, Shared",96
MDO6375,100200H-24-43S,"Medeco 1-1/8in Mortise Cylinder, M4-Bi Level, Dark Bronze, Shared",136
MDO6376,100200H-26-43S,"Medeco 1-1/8in Mortise Cylinder, M4-Bi Level, Satin Chrome, Shared",87
MDO6377,100200H-BB-43S,"Medeco 1-1/8in Mortise Cylinder, M4-Bi Level, Matte Black, Shared",113
MDO6378,100500H-05-43S,"Medeco 1-1/4in Mortise Cylinder, M4-Bi Level, Bright Brass, Shared",183
MDO6379,100500H-06-43S,"Medeco 1-1/4in Mortise Cylinder, M4-Bi Level, Satin Brass, Shared",86
MDO6380,100500H-13-43S,"Medeco 1-1/4in Mortise Cylinder, M4-Bi Level, Oil Rubbed Bronze, Shared",110
MDO6381,100500H-22-43S,"Medeco 1-1/4in Mortise Cylinder, M4-Bi Level, Flat Black, Shared",103
MDO6382,100500H-24-43S,"Medeco 1-1/4in Mortise Cylinder, M4-Bi Level, Dark Bronze, Shared",106
MDO6383,100500H-26-43S,"Medeco 1-1/4in Mortise Cylinder, M4-Bi Level, Satin Chrome, Shared",192
MDO6384,100500H-BB-43S,"Medeco 1-1/4in Mortise Cylinder, M4-Bi Level, Matte Black, Shared",85
MDO6385,105200H-05-43S,"Medeco 1-1/2in Mortise Cylinder, M4-Bi Level, Bright Brass, Shared",87
MDO6386,105200H-06-43S,"Medeco 1-1/2in Mortise Cylinder, M4-Bi Level, Satin Brass, Shared",97
MDO6387,105200H-13-43S,"Medeco 1-1/2in Mortise Cylinder, M4-Bi Level, Oil Rubbed Bronze, Shared",142
MDO6388,105200H-22-43S,"Medeco 1-1/2in Mortise Cylinder, M4-Bi Level, Flat Black, Shared",137
MDO6389,105200H-24-43S,"Medeco 1-1/2in Mortise Cylinder, M4-Bi Level, Dark Bronze, Shared",197
MDO6390,105200H-26-43S,"Medeco 1-1/2in Mortise Cylinder, M4-Bi Level, Satin Chrome, Shared",182
MDO6391,105200H-BB-43S,"Medeco 1-1/2in Mortise Cylinder, M4-Bi Level, Matte Black, Shared",103
MDO6392,100400HH-05-43S,"Medeco 1-1/8in Rim Cylinder, M4-Bi Level, Bright Brass, Shared",172
MDO6393,100400HH-06-43S,"Medeco 1-1/8in Rim Cylinder, M4-Bi Level, Satin Brass, Shared",157
MDO6394,100400HH-13-43S,"Medeco 1-1/8in Rim Cylinder, M4-Bi Level, Oil Rubbed Bronze, Shared",181
MDO6395,100400HH-22-43S,"Medeco 1-1/8in Rim Cylinder, M4-Bi Level, Flat Black, Shared",184
MDO6396,100400HH-24-43S,"Medeco 1-1/8in Rim Cylinder, M4-Bi Level, Dark Bronze, Shared",97
MDO6397,100400HH-26-43S,"Medeco 1-1/8in Rim Cylinder, M4-Bi Level, Satin Chrome, Shared",145
MDO6398,100400HH-BB-43S,"Medeco 1-1/8in Rim Cylinder, M4-Bi Level, Matte Black, Shared",157
MDO6399,100100P-05-43S,"Medeco 1in Mortise Cylinder, M4, Bright Brass, Shared",85
MDO6400,100100P-06-43S,"Medeco 1in Mortise Cylinder, M4, Satin Brass, Shared",104
MDO6401,100100P-13-43S,"Medeco 1in Mortise Cylinder, M4, Oil Rubbed Bronze, Shared",103
MDO6402,100100P-22-43S,"Medeco 1in Mortise Cylinder, M4, Flat Black, Shared",197
MDO6403,100100P-24-43S,"Medeco 1in Mortise Cylinder, M4, Dark Bronze, Shared",128
MDO6404,100100P-26-43S,"Medeco 1in Mortise Cylinder, M4, Satin Chrome, Shared",139
MDO6405,100100P-BB-43S,"Medeco 1in Mortise Cylinder, M4, Matte Black, Shared",148
MDO6406,100200P-05-43S,"Medeco 1-1/8in Mortise Cylinder, M4, Bright Brass, Shared",86
MDO6407,100200P-06-43S,"Medeco 1-1/8in Mortise Cylinder, M4, Satin Brass, Shared",179
MDO6408,100200P-13-43S,"Medeco 1-1/8in Mortise Cylinder, M4, Oil Rubbed Bronze, Shared",116
MDO6409,100200P-22-43S,"Medeco 1-1/8in Mortise Cylinder, M4, Flat Black, Shared",179
MDO6410,100200P-24-43S,"Medeco 1-1/8in Mortise Cylinder, M4, Dark Bronze, Shared",178
MDO6411,100200P-26-43S,"Medeco 1-1/8in Mortise Cylinder, M4, Satin Chrome, Shared",123
MDO6412,100200P-BB-43S,"Medeco 1-1/8in Mortise Cylinder, M4, Matte Black, Shared",197
MDO6413,100500P-05-43S,"Medeco 1-1/4in Mortise Cylinder, M4, Bright Brass, Shared",110
MDO6414,100500P-06-43S,"Medeco 1-1/4in Mortise Cylinder, M4, Satin Brass, Shared",166
MDO6415,100500P-13-43S,"Medeco 1-1/4in Mortise Cylinder, M4, Oil Rubbed Bronze, Shared",152
MDO6416,100500P-22-43S,"Medeco 1-1/4in Mortise Cylinder, M4, Flat Black, Shared",164
MDO6417,100500P-24-43S,"Medeco 1-1/4in Mortise Cylinder, M4, Dark Bronze, Shared",154
MDO6418,100500P-26-43S,"Medeco 1-1/4in Mortise Cylinder, M4, Satin Chrome, Shared",122
MDO6419,100500P-BB-43S,"Medeco 1-1/4in Mortise Cylinder, M4, Matte Black, Shared",87
MDO6420,105200P-05-43S,"Medeco 1-1/2in Mortise Cylinder, M4, Bright Brass, Shared",183
MDO6421,105200P-06-43S,"Medeco 1-1/2in Mortise Cylinder, M4, Satin Brass, Shared",108
MDO6422,105200P-13-43S,"Medeco 1-1/2in Mortise Cylinder, M4, Oil Rubbed Bronze, Shared",169
MDO6423,105200P-22-43S,"Medeco 1-1/2in Mortise Cylinder, M4, Flat Black, Shared",111
MDO6424,105200P-24-43S,"Medeco 1-1/2in Mortise Cylinder, M4, Dark Bronze, Shared",182
MDO6425,105200P-26-43S,"Medeco 1-1/2in Mortise Cylinder, M4, Satin Chrome, Shared",81
MDO6426,105200P-BB-43S,"Medeco 1-1/2in Mortise Cylinder, M4, Matte Black, Shared",186
MDO6427,100400HP-05-43S,"Medeco 1-1/8in Rim Cylinder, M4, Bright Brass, Shared",191
MDO6428,100400HP-06-43S,"Medeco 1-1/8in Rim Cylinder, M4, Satin Brass, Shared",108
MDO6429,100400HP-13-43S,"Medeco 1-1/8in Rim Cylinder, M4, Oil Rubbed Bronze, Shared",190
MDO6430,100400HP-22-43S,"Medeco 1-1/8in Rim Cylinder, M4, Flat Black, Shared",87
MDO6431,100400HP-24-43S,"Medeco 1-1/8in Rim Cylinder, M4, Dark Bronze, Shared",87
MDO6432,100400HP-26-43S,"Medeco 1-1/8in Rim Cylinder, M4, Satin Chrome, Shared",184
MDO6433,100400HP-BB-43S,"Medeco 1-1/8in Rim Cylinder, M4, Matte Black, Shared",183
MDO6434,100100K-05-7GS,"Medeco 1in Mortise Cylinder, Keymark, Bright Brass, Bloomington",97
MDO6435,100100K-05-7CS,"Medeco 1in Mortise Cylinder, Keymark, Bright Brass, Mobile",124
MDO6436,100100K-05-7HS,"Medeco 1in Mortise Cylinder, Keymark, Bright Brass, Minneapolis Lock",176
MDO6437,100100K-06-7GS,"Medeco 1in Mortise Cylinder, Keymark, Satin Brass, Bloomington",183
MDO6438,100100K-06-7CS,"Medeco 1in Mortise Cylinder, Keymark, Satin Brass, Mobile",161
MDO6439,100100K-06-7HS,"Medeco 1in Mortise Cylinder, Keymark, Satin Brass, Minneapolis Lock",106
MDO6440,100100K-13-7GS,"Medeco 1in Mortise Cylinder, Keymark, Oil Rubbed Bronze, Bloomington",112
MDO6441,100100K-13-7CS,"Medeco 1in Mortise Cylinder, Keymark, Oil Rubbed Bronze, Mobile",148
MDO6442,100100K-13-7HS,"Medeco 1in Mortise Cylinder, Keymark, Oil Rubbed Bronze, Minneapolis Lock",109
MDO6443,100100K-22-7GS,"Medeco 1in Mortise Cylinder, Keymark, Flat Black, Bloomington",80
MDO6444,100100K-22-7CS,"Medeco 1in Mortise Cylinder, Keymark, Flat Black, Mobile",182
MDO6445,100100K-22-7HS,"Medeco 1in Mortise Cylinder, Keymark, Flat Black, Minneapolis Lock",177
MDO6446,100100K-24-7GS,"Medeco 1in Mortise Cylinder, Keymark, Dark Bronze, Bloomington",148
MDO6447,100100K-24-7CS,"Medeco 1in Mortise Cylinder, Keymark, Dark Bronze, Mobile",82
MDO6448,100100K-24-7HS,"Medeco 1in Mortise Cylinder, Keymark, Dark Bronze, Minneapolis Lock",145
MDO6449,100100K-26-7GS,"Medeco 1in Mortise Cylinder, Keymark, Satin Chrome, Bloomington",155
MDO6450,100100K-26-7CS,"Medeco 1in Mortise Cylinder, Keymark, Satin Chrome, Mobile",158
MDO6451,100100K-26-7HS,"Medeco 1in Mortise Cylinder, Keymark, Satin Chrome, Minneapolis Lock",95
MDO6452,100100K-BB-7GS,"Medeco 1in Mortise Cylinder, Keymark, Matte Black, Bloomington",110
MDO6453,100100K-BB-7CS,"Medeco 1in Mortise Cylinder, Keymark, Matte Black, Mobile",143
MDO6454,100100K-BB-7HS,"Medeco 1in Mortise Cylinder, Keymark, Matte Black, Minneapolis Lock",99
MDO6455,100200K-05-7GS,"Medeco 1-1/8in Mortise Cylinder, Keymark, Bright Brass, Bloomington",136
MDO6456,100200K-05-7CS,"Medeco 1-1/8in Mortise Cylinder, Keymark, Bright Brass, Mobile",110
MDO6457,100200K-05-7HS,"Medeco 1-1/8in Mortise Cylinder, Keymark, Bright Brass, Minneapolis Lock",101
MDO6458,100200K-06-7GS,"Medeco 1-1/8in Mortise Cylinder, Keymark, Satin Brass, Bloomington",109
MDO6459,100200K-06-7CS,"Medeco 1-1/8in Mortise Cylinder, Keymark, Satin Brass, Mobile",177
MDO6460,100200K-06-7HS,"Medeco 1-1/8in Mortise Cylinder, Keymark, Satin Brass, Minneapolis Lock",165
MDO6461,100200K-13-7GS,"Medeco 1-1/8in Mortise Cylinder, Keymark, Oil Rubbed Bronze, Bloomington",134
MDO6462,100200K-13-7CS,"Medeco 1-1/8in Mortise Cylinder, Keymark, Oil Rubbed Bronze, Mobile",164
MDO6463,100200K-13-7HS,"Medeco 1-1/8in Mortise Cylinder, Keymark, Oil Rubbed Bronze, Minneapolis Lock",113
MDO6464,100200K-22-7GS,"Medeco 1-1/8in Mortise Cylinder, Keymark, Flat Black, Bloomington",97
MDO6465,100200K-22-7CS,"Medeco 1-1/8in Mortise Cylinder, Keymark, Flat Black, Mobile",122
MDO6466,100200K-22-7HS,"Medeco 1-1/8in Mortise Cylinder, Keymark, Flat Black, Minneapolis Lock",191
MDO6467,100200K-24-7GS,"Medeco 1-1/8in Mortise Cylinder, Keymark, Dark Bronze, Bloomington",124
MDO6468,100200K-24-7CS,"Medeco 1-1/8in Mortise Cylinder, Keymark, Dark Bronze, Mobile",119
MDO6469,100200K-24-7HS,"Medeco 1-1/8in Mortise Cylinder, Keymark, Dark Bronze, Minneapolis Lock",125
MDO6470,100200K-26-7GS,"Medeco 1-1/8in Mortise Cylinder, Keymark, Satin Chrome, Bloomington",172
MDO6471,100200K-26-7CS,"Medeco 1-1/8in Mortise Cylinder, Keymark, Satin Chrome, Mobile",186
MDO6472,100200K-26-7HS,"Medeco 1-1/8in Mortise Cylinder, Keymark, Satin Chrome, Minneapolis Lock",116
MDO6473,100200K-BB-7GS,"Medeco 1-1/8in Mortise Cylinder, Keymark, Matte Black, Bloomington",133
MDO6474,100200K-BB-7CS,"Medeco 1-1/8in Mortise Cylinder, Keymark, Matte Black, Mobile",182
MDO6475,100200K-BB-7HS,"Medeco 1-1/8in Mortise Cylinder, Keymark, Matte Black, Minneapolis Lock",105
MDO6476,100500K-05-7GS,"Medeco 1-1/4in Mortise Cylinder, Keymark, Bright Brass, Bloomington",102
MDO6477,100500K-05-7CS,"Medeco 1-1/4in Mortise Cylinder, Keymark, Bright Brass, Mobile",136
MDO6478,100500K-05-7HS,"Medeco 1-1/4in Mortise Cylinder, Keymark, Bright Brass, Minneapolis Lock",138
MDO6479,100500K-06-7GS,"Medeco 1-1/4in Mortise Cylinder, Keymark, Satin Brass, Bloomington",156
MDO6480,100500K-06-7CS,"Medeco 1-1/4in Mortise Cylinder, Keymark, Satin Brass, Mobile",191
MDO6481,100500K-06-7HS,"Medeco 1-1/4in Mortise Cylinder, Keymark, Satin Brass, Minneapolis Lock",180
MDO6482,100500K-13-7GS,"Medeco 1-1/4in Mortise Cylinder, Keymark, Oil Rubbed Bronze, Bloomington",124
MDO6483,100500K-13-7CS,"Medeco 1-1/4in Mortise Cylinder, Keymark, Oil Rubbed Bronze, Mobile",193
MDO6484,100500K-13-7HS,"Medeco 1-1/4in Mortise Cylinder, Keymark, Oil Rubbed Bronze, Minneapolis Lock",170
MDO6485,100500K-22-7GS,"Medeco 1-1/4in Mortise Cylinder, Keymark, Flat Black, Bloomington",165
MDO6486,100500K-22-7CS,"Medeco 1-1/4in Mortise Cylinder, Keymark, Flat Black, Mobile",117
MDO6487,100500K-22-7HS,"Medeco 1-1/4in Mortise Cylinder, Keymark, Flat Black, Minneapolis Lock",84
MDO6488,100500K-24-7GS,"Medeco 1-1/4in Mortise Cylinder, Keymark, Dark Bronze, Bloomington",167
MDO6489,100500K-24-7CS,"Medeco 1-1/4in Mortise Cylinder, Keymark, Dark Bronze, Mobile",84
MDO6490,100500K-24-7HS,"Medeco 1-1/4in Mortise Cylinder, Keymark, Dark Bronze, Minneapolis Lock",160
MDO6491,100500K-26-7GS,"Medeco 1-1/4in Mortise Cylinder, Keymark, Satin Chrome, Bloomington",197
MDO6492,100500K-26-7CS,"Medeco 1-1/4in Mortise Cylinder, Keymark, Satin Chrome, Mobile",157
MDO6493,100500K-26-7HS,"Medeco 1-1/4in Mortise Cylinder, Keymark, Satin Chrome, Minneapolis Lock",126
MDO6494,100500K-BB-7GS,"Medeco 1-1/4in Mortise Cylinder, Keymark, Matte Black, Bloomington",117
MDO6495,100500K-BB-7CS,"Medeco 1-1/4in Mortise Cylinder, Keymark, Matte Black, Mobile",193
MDO6496,100500K-BB-7HS,"Medeco 1-1/4in Mortise Cylinder, Keymark, Matte Black, Minneapolis Lock",90
MDO6497,105200K-05-7GS,"Medeco 1-1/2in Mortise Cylinder, Keymark, Bright Brass, Bloomington",175
MDO6498,105200K-05-7CS,"Medeco 1-1/2in Mortise Cylinder, Keymark, Bright Brass, Mobile",179
MDO6499,105200K-05-7HS,"Medeco 1-1/2in Mortise Cylinder, Keymark, Bright Brass, Minneapolis Lock",102
MDO6500,105200K-06-7GS,"Medeco 1-1/2in Mortise Cylinder, Keymark, Satin Brass, Bloomington",105
MDO6501,105200K-06-7CS,"Medeco 1-1/2in Mortise Cylinder, Keymark, Satin Brass, Mobile",173
MDO6502,105200K-06-7HS,"Medeco 1-1/2in Mortise Cylinder, Keymark, Satin Brass, Minneapolis Lock",118
MDO6503,105200K-13-7GS,"Medeco 1-1/2in Mortise Cylinder, Keymark, Oil Rubbed Bronze, Bloomington",102
MDO6504,105200K-13-7CS,"Medeco 1-1/2in Mortise Cylinder, Keymark, Oil Rubbed Bronze, Mobile",150
MDO6505,105200K-13-7HS,"Medeco 1-1/2in Mortise Cylinder, Keymark, Oil Rubbed Bronze, Minneapolis Lock",150
MDO6506,105200K-22-7GS,"Medeco 1-1/2in Mortise Cylinder, Keymark, Flat Black, Bloomington",188
MDO6507,105200K-22-7CS,"Medeco 1-1/2in Mortise Cylinder, Keymark, Flat Black, Mobile",179
MDO6508,105200K-22-7HS,"Medeco 1-1/2in Mortise Cylinder, Keymark, Flat Black, Minneapolis Lock",109
MDO6509,105200K-24-7GS,"Medeco 1-1/2in Mortise Cylinder, Keymark, Dark Bronze, Bloomington",113
MDO6510,105200K-24-7CS,"Medeco 1-1/2in Mortise Cylinder, Keymark, Dark Bronze, Mobile",132
MDO6511,105200K-24-7HS,"Medeco 1-1/2in Mortise Cylinder, Keymark, Dark Bronze, Minneapolis Lock",157
MDO6512,105200K-26-7GS,"Medeco 1-1/2in Mortise Cylinder, Keymark, Satin Chrome, Bloomington",175
MDO6513,105200K-26-7CS,"Medeco 1-1/2in Mortise Cylinder, Keymark, Satin Chrome, Mobile",125
MDO6514,105200K-26-7HS,"Medeco 1-1/2in Mortise Cylinder, Keymark, Satin Chrome, Minneapolis Lock",150
MDO6515,105200K-BB-7GS,"Medeco 1-1/2in Mortise Cylinder, Keymark, Matte Black, Bloomington",183
MDO6516,105200K-BB-7CS,"Medeco 1-1/2in Mortise Cylinder, Keymark, Matte Black, Mobile",146
MDO6517,105200K-BB-7HS,"Medeco 1-1/2in Mortise Cylinder, Keymark, Matte Black, Minneapolis Lock",109
MDO6518,100400HK-05-7GS,"Medeco 1-1/8in Rim Cylinder, Keymark, Bright Brass, Bloomington",80
MDO6519,100400HK-05-7CS,"Medeco 1-1/8in Rim Cylinder, Keymark, Bright Brass, Mobile",190
MDO6520,100400HK-05-7HS,"Medeco 1-1/8in Rim Cylinder, Keymark, Bright Brass, Minneapolis Lock",155
MDO6521,100400HK-06-7GS,"Medeco 1-1/8in Rim Cylinder, Keymark, Satin Brass, Bloomington",95
MDO6522,100400HK-06-7CS,"Medeco 1-1/8in Rim Cylinder, Keymark, Satin Brass, Mobile",128
MDO6523,100400HK-06-7HS,"Medeco 1-1/8in Rim Cylinder, Keymark, Satin Brass, Minneapolis Lock",159
MDO6524,100400HK-13-7GS,"Medeco 1-1/8in Rim Cylinder, Keymark, Oil Rubbed Bronze, Bloomington",98
MDO6525,100400HK-13-7CS,"Medeco 1-1/8in Rim Cylinder, Keymark, Oil Rubbed Bronze, Mobile",133
MDO6526,100400HK-13-7HS,"Medeco 1-1/8in Rim Cylinder, Keymark, Oil Rubbed Bronze, Minneapolis Lock",167
MDO6527,100400HK-22-7GS,"Medeco 1-1/8in Rim Cylinder, Keymark, Flat Black, Bloomington",89
MDO6528,100400HK-22-7CS,"Medeco 1-1/8in Rim Cylinder, Keymark, Flat Black, Mobile",149
MDO6529,100400HK-22-7HS,"Medeco 1-1/8in Rim Cylinder, Keymark, Flat Black, Minneapolis Lock",108
MDO6530,100400HK-24-7GS,"Medeco 1-1/8in Rim Cylinder, Keymark, Dark Bronze, Bloomington",133
MDO6531,100400HK-24-7CS,"Medeco 1-1/8in Rim Cylinder, Keymark, Dark Bronze, Mobile",139
MDO6532,100400HK-24-7HS,"Medeco 1-1/8in Rim Cylinder, Keymark, Dark Bronze, Minneapolis Lock",136
MDO6533,100400HK-26-7GS,"Medeco 1-1/8in Rim Cylinder, Keymark, Satin Chrome, Bloomington",158
MDO6534,100400HK-26-7CS,"Medeco 1-1/8in Rim Cylinder, Keymark, Satin Chrome, Mobile",152
MDO6535,100400HK-26-7HS,"Medeco 1-1/8in Rim Cylinder, Keymark, Satin Chrome, Minneapolis Lock",102
MDO6536,100400HK-BB-7GS,"Medeco 1-1/8in Rim Cylinder, Keymark, Matte Black, Bloomington",187
MDO6537,100400HK-BB-7CS,"Medeco 1-1/8in Rim Cylinder, Keymark, Matte Black, Mobile",134
MDO6538,100400HK-BB-7HS,"Medeco 1-1/8in Rim Cylinder, Keymark, Matte Black, Minneapolis Lock",135
MDO6539,20200S1N-05-DBQS,"Medeco Schlage KIK Cylinder, X4, Bright Brass, Bloomington",125
MDO6540,20200S1N-05-DBKS,"Medeco Schlage KIK Cylinder, X4, Bright Brass, TRANS-Alarm",105
MDO6541,20200S1N-06-DBQS,"Medeco Schlage KIK Cylinder, X4, Satin Brass, Bloomington",122
MDO6542,20200S1N-06-DBKS,"Medeco Schlage KIK Cylinder, X4, Satin Brass, TRANS-Alarm",81
MDO6543,20200S1N-13-DBQS,"Medeco Schlage KIK Cylinder, X4, Oil Rubbed Bronze, Bloomington",156
MDO6544,20200S1N-13-DBKS,"Medeco Schlage KIK Cylinder, X4, Oil Rubbed Bronze, TRANS-Alarm",200
MDO6545,20200S1N-22-DBQS,"Medeco Schlage KIK Cylinder, X4, Flat Black, Bloomington",88
MDO6546,20200S1N-22-DBKS,"Medeco Schlage KIK Cylinder, X4, Flat Black, TRANS-Alarm",121
MDO6547,20200S1N-24-DBQS,"Medeco Schlage KIK Cylinder, X4, Dark Bronze, Bloomington",196
MDO6548,20200S1N-24-DBKS,"Medeco Schlage KIK Cylinder, X4, Dark Bronze, TRANS-Alarm",85
MDO6549,20200S1N-26-DBQS,"Medeco Schlage KIK Cylinder, X4, Satin Chrome, Bloomington",124
MDO6550,20200S1N-26-DBKS,"Medeco Schlage KIK Cylinder, X4, Satin Chrome, TRANS-Alarm",196
MDO6551,20200S1N-BB-DBQS,"Medeco Schlage KIK Cylinder, X4, Matte Black, Bloomington",114
MDO6552,20200S1N-BB-DBKS,"Medeco Schlage KIK Cylinder, X4, Matte Black, TRANS-Alarm",153
MDO6553,200503N-05-DBQS,"Medeco Yale KIK Cylinder, X4, Bright Brass, Bloomington",180
MDO6554,200503N-05-DBKS,"Medeco Yale KIK Cylinder, X4, Bright Brass, TRANS-Alarm",173
MDO6555,200503N-06-DBQS,"Medeco Yale KIK Cylinder, X4, Satin Brass, Bloomington",149
MDO6556,200503N-06-DBKS,"Medeco Yale KIK Cylinder, X4, Satin Brass, TRANS-Alarm",131
MDO6557,200503N-13-DBQS,"Medeco Yale KIK Cylinder, X4, Oil Rubbed Bronze, Bloomington",164
MDO6558,200503N-13-DBKS,"Medeco Yale KIK Cylinder, X4, Oil Rubbed Bronze, TRANS-Alarm",100
MDO6559,200503N-22-DBQS,"Medeco Yale KIK Cylinder, X4, Flat Black, Bloomington",122
MDO6560,200503N-22-DBKS,"Medeco Yale KIK Cylinder, X4, Flat Black, TRANS-Alarm",129
MDO6561,200503N-24-DBQS,"Medeco Yale KIK Cylinder, X4, Dark Bronze, Bloomington",104
MDO6562,200503N-24-DBKS,"Medeco Yale KIK Cylinder, X4, Dark Bronze, TRANS-Alarm",143
MDO6563,200503N-26-DBQS,"Medeco Yale KIK Cylinder, X4, Satin Chrome, Bloomington",190
MDO6564,200503N-26-DBKS,"Medeco Yale KIK Cylinder, X4, Satin Chrome, TRANS-Alarm",190
MDO6565,200503N-BB-DBQS,"Medeco Yale KIK Cylinder, X4, Matte Black, Bloomington",103
MDO6566,200503N-BB-DBKS,"Medeco Yale KIK Cylinder, X4, Matte Black, TRANS-Alarm",200
MDO6567,20009S4N-05-DBQS,"Medeco Schlage Deadbolt Cylinder, X4, Bright Brass, Bloomington",104
MDO6568,20009S4N-05-DBKS,"Medeco Schlage Deadbolt Cylinder, X4, Bright Brass, TRANS-Alarm",155
MDO6569,20009S4N-06-DBQS,"Medeco Schlage Deadbolt Cylinder, X4, Satin Brass, Bloomington",142
MDO6570,20009S4N-06-DBKS,"Medeco Schlage Deadbolt Cylinder, X4, Satin Brass, TRANS-Alarm",94
MDO6571,20009S4N-13-DBQS,"Medeco Schlage Deadbolt Cylinder, X4, Oil Rubbed Bronze, Bloomington",119
MDO6572,20009S4N-13-DBKS,"Medeco Schlage Deadbolt Cylinder, X4, Oil Rubbed Bronze, TRANS-Alarm",84
MDO6573,20009S4N-22-DBQS,"Medeco Schlage Deadbolt Cylinder, X4, Flat Black, Bloomington",123
MDO6574,20009S4N-22-DBKS,"Medeco Schlage Deadbolt Cylinder, X4, Flat Black, TRANS-Alarm",106
MDO6575,20009S4N-24-DBQS,"Medeco Schlage Deadbolt Cylinder, X4, Dark Bronze, Bloomington",197
MDO6576,20009S4N-24-DBKS,"Medeco Schlage Deadbolt Cylinder, X4, Dark Bronze, TRANS-Alarm",179
MDO6577,20009S4N-26-DBQS,"Medeco Schlage Deadbolt Cylinder, X4, Satin Chrome, Bloomington",104
MDO6578,20009S4N-26-DBKS,"Medeco Schlage Deadbolt Cylinder, X4, Satin Chrome, TRANS-Alarm",144
MDO6579,20009S4N-BB-DBQS,"Medeco Schlage Deadbolt Cylinder, X4, Matte Black, Bloomington",99
MDO6580,20009S4N-BB-DBKS,"Medeco Schlage Deadbolt Cylinder, X4, Matte Black, TRANS-Alarm",88
MDO6581,205005N-05-DBQS,"Medeco Corbin Russwin KIK Cylinder, X4, Bright Brass, Bloomington",191
MDO6582,205005N-05-DBKS,"Medeco Corbin Russwin KIK Cylinder, X4, Bright Brass, TRANS-Alarm",80
MDO6583,205005N-06-DBQS,"Medeco Corbin Russwin KIK Cylinder, X4, Satin Brass, Bloomington",150
MDO6584,205005N-06-DBKS,"Medeco Corbin Russwin KIK Cylinder, X4, Satin Brass, TRANS-Alarm",189
MDO6585,205005N-13-DBQS,"Medeco Corbin Russwin KIK Cylinder, X4, Oil Rubbed Bronze, Bloomington",178
MDO6586,205005N-13-DBKS,"Medeco Corbin Russwin KIK Cylinder, X4, Oil Rubbed Bronze, TRANS-Alarm",159
MDO6587,205005N-22-DBQS,"Medeco Corbin Russwin KIK Cylinder, X4, Flat Black, Bloomington",191
MDO6588,205005N-22-DBKS,"Medeco Corbin Russwin KIK Cylinder, X4, Flat Black, TRANS-Alarm",105
MDO6589,205005N-24-DBQS,"Medeco Corbin Russwin KIK Cylinder, X4, Dark Bronze, Bloomington",129
MDO6590,205005N-24-DBKS,"Medeco Corbin Russwin KIK Cylinder, X4, Dark Bronze, TRANS-Alarm",107
MDO6591,205005N-26-DBQS,"Medeco Corbin Russwin KIK Cylinder, X4, Satin Chrome, Bloomington",175
MDO6592,205005N-26-DBKS,"Medeco Corbin Russwin KIK Cylinder, X4, Satin Chrome, TRANS-Alarm",116
MDO6593,205005N-BB-DBQS,"Medeco Corbin Russwin KIK Cylinder, X4, Matte Black, Bloomington",104
MDO6594,205005N-BB-DBKS,"Medeco Corbin Russwin KIK Cylinder, X4, Matte Black, TRANS-Alarm",99
MDO6595,20200S1W-05-X3S,"Medeco Schlage KIK Cylinder, Biaxial, Bright Brass, Bloomington",158
MDO6596,20200S1W-05-Z3S,"Medeco Schlage KIK Cylinder, Biaxial, Bright Brass, Mobile",121
MDO6597,20200S1W-05-G3S,"Medeco Schlage KIK Cylinder, Biaxial, Bright Brass, Shared ",154
MDO6598,20200S1W-05-PAS,"Medeco Schlage KIK Cylinder, Biaxial Patriot, Bright Brass, Shared",160
MDO6599,20200S1W-06-X3S,"Medeco Schlage KIK Cylinder, Biaxial, Satin Brass, Bloomington",190
MDO6600,20200S1W-06-Z3S,"Medeco Schlage KIK Cylinder, Biaxial, Satin Brass, Mobile",102
MDO6601,20200S1W-06-G3S,"Medeco Schlage KIK Cylinder, Biaxial, Satin Brass, Shared ",86
MDO6602,20200S1W-06-PAS,"Medeco Schlage KIK Cylinder, Biaxial Patriot, Satin Brass, Shared",189
MDO6603,20200S1W-13-X3S,"Medeco Schlage KIK Cylinder, Biaxial, Oil Rubbed Bronze, Bloomington",147
MDO6604,20200S1W-13-Z3S,"Medeco Schlage KIK Cylinder, Biaxial, Oil Rubbed Bronze, Mobile",200
MDO6605,20200S1W-13-G3S,"Medeco Schlage KIK Cylinder, Biaxial, Oil Rubbed Bronze, Shared ",146
MDO6606,20200S1W-13-PAS,"Medeco Schlage KIK Cylinder, Biaxial Patriot, Oil Rubbed Bronze, Shared",124
MDO6607,20200S1W-22-X3S,"Medeco Schlage KIK Cylinder, Biaxial, Flat Black, Bloomington",109
MDO6608,20200S1W-22-Z3S,"Medeco Schlage KIK Cylinder, Biaxial, Flat Black, Mobile",105
MDO6609,20200S1W-22-G3S,"Medeco Schlage KIK Cylinder, Biaxial, Flat Black, Shared ",143
MDO6610,20200S1W-22-PAS,"Medeco Schlage KIK Cylinder, Biaxial Patriot, Flat Black, Shared",112
MDO6611,20200S1W-24-X3S,"Medeco Schlage KIK Cylinder, Biaxial, Dark Bronze, Bloomington",151
MDO6612,20200S1W-24-Z3S,"Medeco Schlage KIK Cylinder, Biaxial, Dark Bronze, Mobile",131
MDO6613,20200S1W-24-G3S,"Medeco Schlage KIK Cylinder, Biaxial, Dark Bronze, Shared ",84
MDO6614,20200S1W-24-PAS,"Medeco Schlage KIK Cylinder, Biaxial Patriot, Dark Bronze, Shared",101
MDO6615,20200S1W-26-X3S,"Medeco Schlage KIK Cylinder, Biaxial, Satin Chrome, Bloomington",147
MDO6616,20200S1W-26-Z3S,"Medeco Schlage KIK Cylinder, Biaxial, Satin Chrome, Mobile",143
MDO6617,20200S1W-26-G3S,"Medeco Schlage KIK Cylinder, Biaxial, Satin Chrome, Shared ",187
MDO6618,20200S1W-26-PAS,"Medeco Schlage KIK Cylinder, Biaxial Patriot, Satin Chrome, Shared",92
MDO6619,20200S1W-BB-X3S,"Medeco Schlage KIK Cylinder, Biaxial, Matte Black, Bloomington",94
MDO6620,20200S1W-BB-Z3S,"Medeco Schlage KIK Cylinder, Biaxial, Matte Black, Mobile",170
MDO6621,20200S1W-BB-G3S,"Medeco Schlage KIK Cylinder, Biaxial, Matte Black, Shared ",95
MDO6622,20200S1W-BB-PAS,"Medeco Schlage KIK Cylinder, Biaxial Patriot, Matte Black, Shared",84
MDO6623,200503W-05-X3S,"Medeco Yale KIK Cylinder, Biaxial, Bright Brass, Bloomington",121
MDO6624,200503W-05-Z3S,"Medeco Yale KIK Cylinder, Biaxial, Bright Brass, Mobile",150
MDO6625,200503W-05-G3S,"Medeco Yale KIK Cylinder, Biaxial, Bright Brass, Shared ",161
MDO6626,200503W-05-PAS,"Medeco Yale KIK Cylinder, Biaxial Patriot, Bright Brass, Shared",112
MDO6627,200503W-06-X3S,"Medeco Yale KIK Cylinder, Biaxial, Satin Brass, Bloomington",200
MDO6628,200503W-06-Z3S,"Medeco Yale KIK Cylinder, Biaxial, Satin Brass, Mobile",106
MDO6629,200503W-06-G3S,"Medeco Yale KIK Cylinder, Biaxial, Satin Brass, Shared ",107
MDO6630,200503W-06-PAS,"Medeco Yale KIK Cylinder, Biaxial Patriot, Satin Brass, Shared",87
MDO6631,200503W-13-X3S,"Medeco Yale KIK Cylinder, Biaxial, Oil Rubbed Bronze, Bloomington",152
MDO6632,200503W-13-Z3S,"Medeco Yale KIK Cylinder, Biaxial, Oil Rubbed Bronze, Mobile",115
MDO6633,200503W-13-G3S,"Medeco Yale KIK Cylinder, Biaxial, Oil Rubbed Bronze, Shared ",140
MDO6634,200503W-13-PAS,"Medeco Yale KIK Cylinder, Biaxial Patriot, Oil Rubbed Bronze, Shared",87
MDO6635,200503W-22-X3S,"Medeco Yale KIK Cylinder, Biaxial, Flat Black, Bloomington",151
MDO6636,200503W-22-Z3S,"Medeco Yale KIK Cylinder, Biaxial, Flat Black, Mobile",104
MDO6637,200503W-22-G3S,"Medeco Yale KIK Cylinder, Biaxial, Flat Black, Shared ",117
MDO6638,200503W-22-PAS,"Medeco Yale KIK Cylinder, Biaxial Patriot, Flat Black, Shared",170
MDO6639,200503W-24-X3S,"Medeco Yale KIK Cylinder, Biaxial, Dark Bronze, Bloomington",154
MDO6640,200503W-24-Z3S,"Medeco Yale KIK Cylinder, Biaxial, Dark Bronze, Mobile",96
MDO6641,200503W-24-G3S,"Medeco Yale KIK Cylinder, Biaxial, Dark Bronze, Shared ",138
MDO6642,200503W-24-PAS,"Medeco Yale KIK Cylinder, Biaxial Patriot, Dark Bronze, Shared",193
MDO6643,200503W-26-X3S,"Medeco Yale KIK Cylinder, Biaxial, Satin Chrome, Bloomington",140
MDO6644,200503W-26-Z3S,"Medeco Yale KIK Cylinder, Biaxial, Satin Chrome, Mobile",159
MDO6645,200503W-26-G3S,"Medeco Yale KIK Cylinder, Biaxial, Satin Chrome, Shared ",164
MDO6646,200503W-26-PAS,"Medeco Yale KIK Cylinder, Biaxial Patriot, Satin Chrome, Shared",103
MDO6647,200503W-BB-X3S,"Medeco Yale KIK Cylinder, Biaxial, Matte Black, Bloomington",195
MDO6648,200503W-BB-Z3S,"Medeco Yale KIK Cylinder, Biaxial, Matte Black, Mobile",147
MDO6649,200503W-BB-G3S,"Medeco Yale KIK Cylinder, Biaxial, Matte Black, Shared ",124
MDO6650,200503W-BB-PAS,"Medeco Yale KIK Cylinder, Biaxial Patriot, Matte Black, Shared",151
MDO6651,20009S4W-05-X3S,"Medeco Schlage Deadbolt Cylinder, Biaxial, Bright Brass, Bloomington",139
MDO6652,20009S4W-05-Z3S,"Medeco Schlage Deadbolt Cylinder, Biaxial, Bright Brass, Mobile",146
MDO6653,20009S4W-05-G3S,"Medeco Schlage Deadbolt Cylinder, Biaxial, Bright Brass, Shared ",108
MDO6654,20009S4W-05-PAS,"Medeco Schlage Deadbolt Cylinder, Biaxial Patriot, Bright Brass, Shared",167
MDO6655,20009S4W-06-X3S,"Medeco Schlage Deadbolt Cylinder, Biaxial, Satin Brass, Bloomington",180
MDO6656,20009S4W-06-Z3S,"Medeco Schlage Deadbolt Cylinder, Biaxial, Satin Brass, Mobile",120
MDO6657,20009S4W-06-G3S,"Medeco Schlage Deadbolt Cylinder, Biaxial, Satin Brass, Shared ",95
MDO6658,20009S4W-06-PAS,"Medeco Schlage Deadbolt Cylinder, Biaxial Patriot, Satin Brass, Shared",139
MDO6659,20009S4W-13-X3S,"Medeco Schlage Deadbolt Cylinder, Biaxial, Oil Rubbed Bronze, Bloomington",141
MDO6660,20009S4W-13-Z3S,"Medeco Schlage Deadbolt Cylinder, Biaxial, Oil Rubbed Bronze, Mobile",166
MDO6661,20009S4W-13-G3S,"Medeco Schlage Deadbolt Cylinder, Biaxial, Oil Rubbed Bronze, Shared ",187
MDO6662,20009S4W-13-PAS,"Medeco Schlage Deadbolt Cylinder, Biaxial Patriot, Oil Rubbed Bronze, Shared",146
MDO6663,20009S4W-22-X3S,"Medeco Schlage Deadbolt Cylinder, Biaxial, Flat Black, Bloomington",168
MDO6664,20009S4W-22-Z3S,"Medeco Schlage Deadbolt Cylinder, Biaxial, Flat Black, Mobile",199
MDO6665,20009S4W-22-G3S,"Medeco Schlage Deadbolt Cylinder, Biaxial, Flat Black, Shared ",160
MDO6666,20009S4W-22-PAS,"Medeco Schlage Deadbolt Cylinder, Biaxial Patriot, Flat Black, Shared",150
MDO6667,20009S4W-24-X3S,"Medeco Schlage Deadbolt Cylinder, Biaxial, Dark Bronze, Bloomington",95
MDO6668,20009S4W-24-Z3S,"Medeco Schlage Deadbolt Cylinder, Biaxial, Dark Bronze, Mobile",84
MDO6669,20009S4W-24-G3S,"Medeco Schlage Deadbolt Cylinder, Biaxial, Dark Bronze, Shared ",178
MDO6670,20009S4W-24-PAS,"Medeco Schlage Deadbolt Cylinder, Biaxial Patriot, Dark Bronze, Shared",123
MDO6671,20009S4W-26-X3S,"Medeco Schlage Deadbolt Cylinder, Biaxial, Satin Chrome, Bloomington",101
MDO6672,20009S4W-26-Z3S,"Medeco Schlage Deadbolt Cylinder, Biaxial, Satin Chrome, Mobile",198
MDO6673,20009S4W-26-G3S,"Medeco Schlage Deadbolt Cylinder, Biaxial, Satin Chrome, Shared ",172
MDO6674,20009S4W-26-PAS,"Medeco Schlage Deadbolt Cylinder, Biaxial Patriot, Satin Chrome, Shared",102
MDO6675,20009S4W-BB-X3S,"Medeco Schlage Deadbolt Cylinder, Biaxial, Matte Black, Bloomington",109
MDO6676,20009S4W-BB-Z3S,"Medeco Schlage Deadbolt Cylinder, Biaxial, Matte Black, Mobile",99
MDO6677,20009S4W-BB-G3S,"Medeco Schlage Deadbolt Cylinder, Biaxial, Matte Black, Shared ",149
MDO6678,20009S4W-BB-PAS,"Medeco Schlage Deadbolt Cylinder, Biaxial Patriot, Matte Black, Shared",189
MDO6679,205005W-05-X3S,"Medeco Corbin Russwin KIK Cylinder, Biaxial, Bright Brass, Bloomington",84
MDO6680,205005W-05-Z3S,"Medeco Corbin Russwin KIK Cylinder, Biaxial, Bright Brass, Mobile",109
MDO6681,205005W-05-G3S,"Medeco Corbin Russwin KIK Cylinder, Biaxial, Bright Brass, Shared ",194
MDO6682,205005W-05-PAS,"Medeco Corbin Russwin KIK Cylinder, Biaxial Patriot, Bright Brass, Shared",85
MDO6683,205005W-06-X3S,"Medeco Corbin Russwin KIK Cylinder, Biaxial, Satin Brass, Bloomington",180
MDO6684,205005W-06-Z3S,"Medeco Corbin Russwin KIK Cylinder, Biaxial, Satin Brass, Mobile",177
MDO6685,205005W-06-G3S,"Medeco Corbin Russwin KIK Cylinder, Biaxial, Satin Brass, Shared ",166
MDO6686,205005W-06-PAS,"Medeco Corbin Russwin KIK Cylinder, Biaxial Patriot, Satin Brass, Shared",160
MDO6687,205005W-13-X3S,"Medeco Corbin Russwin KIK Cylinder, Biaxial, Oil Rubbed Bronze, Bloomington",134
MDO6688,205005W-13-Z3S,"Medeco Corbin Russwin KIK Cylinder, Biaxial, Oil Rubbed Bronze, Mobile",149
MDO6689,205005W-13-G3S,"Medeco Corbin Russwin KIK Cylinder, Biaxial, Oil Rubbed Bronze, Shared ",145
MDO6690,205005W-13-PAS,"Medeco Corbin Russwin KIK Cylinder, Biaxial Patriot, Oil Rubbed Bronze, Shared",184
MDO6691,205005W-22-X3S,"Medeco Corbin Russwin KIK Cylinder, Biaxial, Flat Black, Bloomington",134
MDO6692,205005W-22-Z3S,"Medeco Corbin Russwin KIK Cylinder, Biaxial, Flat Black, Mobile",172
MDO6693,205005W-22-G3S,"Medeco Corbin Russwin KIK Cylinder, Biaxial, Flat Black, Shared ",100
MDO6694,205005W-22-PAS,"Medeco Corbin Russwin KIK Cylinder, Biaxial Patriot, Flat Black, Shared",191
MDO6695,205005W-24-X3S,"Medeco Corbin Russwin KIK Cylinder, Biaxial, Dark Bronze, Bloomington",179
MDO6696,205005W-24-Z3S,"Medeco Corbin Russwin KIK Cylinder, Biaxial, Dark Bronze, Mobile",94
MDO6697,205005W-24-G3S,"Medeco Corbin Russwin KIK Cylinder, Biaxial, Dark Bronze, Shared ",155
MDO6698,205005W-24-PAS,"Medeco Corbin Russwin KIK Cylinder, Biaxial Patriot, Dark Bronze, Shared",199
MDO6699,205005W-26-X3S,"Medeco Corbin Russwin KIK Cylinder, Biaxial, Satin Chrome, Bloomington",113
MDO6700,205005W-26-Z3S,"Medeco Corbin Russwin KIK Cylinder, Biaxial, Satin Chrome, Mobile",198
MDO6701,205005W-26-G3S,"Medeco Corbin Russwin KIK Cylinder, Biaxial, Satin Chrome, Shared ",125
MDO6702,205005W-26-PAS,"Medeco Corbin Russwin KIK Cylinder, Biaxial Patriot, Satin Chrome, Shared",87
MDO6703,205005W-BB-X3S,"Medeco Corbin Russwin KIK Cylinder, Biaxial, Matte Black, Bloomington",170
MDO6704,205005W-BB-Z3S,"Medeco Corbin Russwin KIK Cylinder, Biaxial, Matte Black, Mobile",101
MDO6705,205005W-BB-G3S,"Medeco Corbin Russwin KIK Cylinder, Biaxial, Matte Black, Shared ",192
MDO6706,205005W-BB-PAS,"Medeco Corbin Russwin KIK Cylinder, Biaxial Patriot, Matte Black, Shared",169
MDO6707,20200S1T-05-FHS,"Medeco Schlage KIK Cylinder, M3, Bright Brass, Bloomington",180
MDO6708,20200S1T-05-FKS,"Medeco Schlage KIK Cylinder, M3, Bright Brass, Mobile",140
MDO6709,20200S1T-05-DXS,"Medeco Schlage KIK Cylinder, M3, Bright Brass, TRANS-Alarm",167
MDO6710,20200S1T-05-DHS,"Medeco Schlage KIK Cylinder, M3, Bright Brass, Minneapolis Lock",162
MDO6711,20200S1T-06-FHS,"Medeco Schlage KIK Cylinder, M3, Satin Brass, Bloomington",159
MDO6712,20200S1T-06-FKS,"Medeco Schlage KIK Cylinder, M3, Satin Brass, Mobile",89
MDO6713,20200S1T-06-DXS,"Medeco Schlage KIK Cylinder, M3, Satin Brass, TRANS-Alarm",125
MDO6714,20200S1T-06-DHS,"Medeco Schlage KIK Cylinder, M3, Satin Brass, Minneapolis Lock",151
MDO6715,20200S1T-13-FHS,"Medeco Schlage KIK Cylinder, M3, Oil Rubbed Bronze, Bloomington",165
MDO6716,20200S1T-13-FKS,"Medeco Schlage KIK Cylinder, M3, Oil Rubbed Bronze, Mobile",132
MDO6717,20200S1T-13-DXS,"Medeco Schlage KIK Cylinder, M3, Oil Rubbed Bronze, TRANS-Alarm",80
MDO6718,20200S1T-13-DHS,"Medeco Schlage KIK Cylinder, M3, Oil Rubbed Bronze, Minneapolis Lock",200
MDO6719,20200S1T-22-FHS,"Medeco Schlage KIK Cylinder, M3, Flat Black, Bloomington",80
MDO6720,20200S1T-22-FKS,"Medeco Schlage KIK Cylinder, M3, Flat Black, Mobile",123
MDO6721,20200S1T-22-DXS,"Medeco Schlage KIK Cylinder, M3, Flat Black, TRANS-Alarm",152
MDO6722,20200S1T-22-DHS,"Medeco Schlage KIK Cylinder, M3, Flat Black, Minneapolis Lock",173
MDO6723,20200S1T-24-FHS,"Medeco Schlage KIK Cylinder, M3, Dark Bronze, Bloomington",151
MDO6724,20200S1T-24-FKS,"Medeco Schlage KIK Cylinder, M3, Dark Bronze, Mobile",165
MDO6725,20200S1T-24-DXS,"Medeco Schlage KIK Cylinder, M3, Dark Bronze, TRANS-Alarm",134
MDO6726,20200S1T-24-DHS,"Medeco Schlage KIK Cylinder, M3, Dark Bronze, Minneapolis Lock",93
MDO6727,20200S1T-26-FHS,"Medeco Schlage KIK Cylinder, M3, Satin Chrome, Bloomington",103
MDO6728,20200S1T-26-FKS,"Medeco Schlage KIK Cylinder, M3, Satin Chrome, Mobile",143
MDO6729,20200S1T-26-DXS,"Medeco Schlage KIK Cylinder, M3, Satin Chrome, TRANS-Alarm",146
MDO6730,20200S1T-26-DHS,"Medeco Schlage KIK Cylinder, M3, Satin Chrome, Minneapolis Lock",166
MDO6731,20200S1T-BB-FHS,"Medeco Schlage KIK Cylinder, M3, Matte Black, Bloomington",180
MDO6732,20200S1T-BB-FKS,"Medeco Schlage KIK Cylinder, M3, Matte Black, Mobile",143
MDO6733,20200S1T-BB-DXS,"Medeco Schlage KIK Cylinder, M3, Matte Black, TRANS-Alarm",173
MDO6734,20200S1T-BB-DHS,"Medeco Schlage KIK Cylinder, M3, Matte Black, Minneapolis Lock",171
MDO6735,200503T-05-FHS,"Medeco Yale KIK Cylinder, M3, Bright Brass, Bloomington",105
MDO6736,200503T-05-FKS,"Medeco Yale KIK Cylinder, M3, Bright Brass, Mobile",138
MDO6737,200503T-05-DXS,"Medeco Yale KIK Cylinder, M3, Bright Brass, TRANS-Alarm",176
MDO6738,200503T-05-DHS,"Medeco Yale KIK Cylinder, M3, Bright Brass, Minneapolis Lock",142
MDO6739,200503T-06-FHS,"Medeco Yale KIK Cylinder, M3, Satin Brass, Bloomington",121
MDO6740,200503T-06-FKS,"Medeco Yale KIK Cylinder, M3, Satin Brass, Mobile",157
MDO6741,200503T-06-DXS,"Medeco Yale KIK Cylinder, M3, Satin Brass, TRANS-Alarm",96
MDO6742,200503T-06-DHS,"Medeco Yale KIK Cylinder, M3, Satin Brass, Minneapolis Lock",139
MDO6743,200503T-13-FHS,"Medeco Yale KIK Cylinder, M3, Oil Rubbed Bronze, Bloomington",196
MDO6744,200503T-13-FKS,"Medeco Yale KIK Cylinder, M3, Oil Rubbed Bronze, Mobile",91
MDO6745,200503T-13-DXS,"Medeco Yale KIK Cylinder, M3, Oil Rubbed Bronze, TRANS-Alarm",117
MDO6746,200503T-13-DHS,"Medeco Yale KIK Cylinder, M3, Oil Rubbed Bronze, Minneapolis Lock",129
MDO6747,200503T-22-FHS,"Medeco Yale KIK Cylinder, M3, Flat Black, Bloomington",148
MDO6748,200503T-22-FKS,"Medeco Yale KIK Cylinder, M3, Flat Black, Mobile",158
MDO6749,200503T-22-DXS,"Medeco Yale KIK Cylinder, M3, Flat Black, TRANS-Alarm",194
MDO6750,200503T-22-DHS,"Medeco Yale KIK Cylinder, M3, Flat Black, Minneapolis Lock",157
MDO6751,200503T-24-FHS,"Medeco Yale KIK Cylinder, M3, Dark Bronze, Bloomington",180
MDO6752,200503T-24-FKS,"Medeco Yale KIK Cylinder, M3, Dark Bronze, Mobile",193
MDO6753,200503T-24-DXS,"Medeco Yale KIK Cylinder, M3, Dark Bronze, TRANS-Alarm",195
MDO6754,200503T-24-DHS,"Medeco Yale KIK Cylinder, M3, Dark Bronze, Minneapolis Lock",156
MDO6755,200503T-26-FHS,"Medeco Yale KIK Cylinder, M3, Satin Chrome, Bloomington",88
MDO6756,200503T-26-FKS,"Medeco Yale KIK Cylinder, M3, Satin Chrome, Mobile",95
MDO6757,200503T-26-DXS,"Medeco Yale KIK Cylinder, M3, Satin Chrome, TRANS-Alarm",152
MDO6758,200503T-26-DHS,"Medeco Yale KIK Cylinder, M3, Satin Chrome, Minneapolis Lock",167
MDO6759,200503T-BB-FHS,"Medeco Yale KIK Cylinder, M3, Matte Black, Bloomington",94
MDO6760,200503T-BB-FKS,"Medeco Yale KIK Cylinder, M3, Matte Black, Mobile",142
MDO6761,200503T-BB-DXS,"Medeco Yale KIK Cylinder, M3, Matte Black, TRANS-Alarm",147
MDO6762,200503T-BB-DHS,"Medeco Yale KIK Cylinder, M3, Matte Black, Minneapolis Lock",110
MDO6763,20009S4T-05-FHS,"Medeco Schlage Deadbolt Cylinder, M3, Bright Brass, Bloomington",113
MDO6764,20009S4T-05-FKS,"Medeco Schlage Deadbolt Cylinder, M3, Bright Brass, Mobile",149
MDO6765,20009S4T-05-DXS,"Medeco Schlage Deadbolt Cylinder, M3, Bright Brass, TRANS-Alarm",171
MDO6766,20009S4T-05-DHS,"Medeco Schlage Deadbolt Cylinder, M3, Bright Brass, Minneapolis Lock",123
MDO6767,20009S4T-06-FHS,"Medeco Schlage Deadbolt Cylinder, M3, Satin Brass, Bloomington",136
MDO6768,20009S4T-06-FKS,"Medeco Schlage Deadbolt Cylinder, M3, Satin Brass, Mobile",165
MDO6769,20009S4T-06-DXS,"Medeco Schlage Deadbolt Cylinder, M3, Satin Brass, TRANS-Alarm",169
MDO6770,20009S4T-06-DHS,"Medeco Schlage Deadbolt Cylinder, M3, Satin Brass, Minneapolis Lock",104
MDO6771,20009S4T-13-FHS,"Medeco Schlage Deadbolt Cylinder, M3, Oil Rubbed Bronze, Bloomington",113
MDO6772,20009S4T-13-FKS,"Medeco Schlage Deadbolt Cylinder, M3, Oil Rubbed Bronze, Mobile",198
MDO6773,20009S4T-13-DXS,"Medeco Schlage Deadbolt Cylinder, M3, Oil Rubbed Bronze, TRANS-Alarm",149
MDO6774,20009S4T-13-DHS,"Medeco Schlage Deadbolt Cylinder, M3, Oil Rubbed Bronze, Minneapolis Lock",185
MDO6775,20009S4T-22-FHS,"Medeco Schlage Deadbolt Cylinder, M3, Flat Black, Bloomington",175
MDO6776,20009S4T-22-FKS,"Medeco Schlage Deadbolt Cylinder, M3, Flat Black, Mobile",176
MDO6777,20009S4T-22-DXS,"Medeco Schlage Deadbolt Cylinder, M3, Flat Black, TRANS-Alarm",122
MDO6778,20009S4T-22-DHS,"Medeco Schlage Deadbolt Cylinder, M3, Flat Black, Minneapolis Lock",135
MDO6779,20009S4T-24-FHS,"Medeco Schlage Deadbolt Cylinder, M3, Dark Bronze, Bloomington",128
MDO6780,20009S4T-24-FKS,"Medeco Schlage Deadbolt Cylinder, M3, Dark Bronze, Mobile",94
MDO6781,20009S4T-24-DXS,"Medeco Schlage Deadbolt Cylinder, M3, Dark Bronze, TRANS-Alarm",148
MDO6782,20009S4T-24-DHS,"Medeco Schlage Deadbolt Cylinder, M3, Dark Bronze, Minneapolis Lock",128
MDO6783,20009S4T-26-FHS,"Medeco Schlage Deadbolt Cylinder, M3, Satin Chrome, Bloomington",147
MDO6784,20009S4T-26-FKS,"Medeco Schlage Deadbolt Cylinder, M3, Satin Chrome, Mobile",132
MDO6785,20009S4T-26-DXS,"Medeco Schlage Deadbolt Cylinder, M3, Satin Chrome, TRANS-Alarm",95
MDO6786,20009S4T-26-DHS,"Medeco Schlage Deadbolt Cylinder, M3, Satin Chrome, Minneapolis Lock",153
MDO6787,20009S4T-BB-FHS,"Medeco Schlage Deadbolt Cylinder, M3, Matte Black, Bloomington",170
MDO6788,20009S4T-BB-FKS,"Medeco Schlage Deadbolt Cylinder, M3, Matte Black, Mobile",154
MDO6789,20009S4T-BB-DXS,"Medeco Schlage Deadbolt Cylinder, M3, Matte Black, TRANS-Alarm",181
MDO6790,20009S4T-BB-DHS,"Medeco Schlage Deadbolt Cylinder, M3, Matte Black, Minneapolis Lock",93
MDO6791,205005T-05-FHS,"Medeco Corbin Russwin KIK Cylinder, M3, Bright Brass, Bloomington",194
MDO6792,205005T-05-FKS,"Medeco Corbin Russwin KIK Cylinder, M3, Bright Brass, Mobile",191
MDO6793,205005T-05-DXS,"Medeco Corbin Russwin KIK Cylinder, M3, Bright Brass, TRANS-Alarm",197
MDO6794,205005T-05-DHS,"Medeco Corbin Russwin KIK Cylinder, M3, Bright Brass, Minneapolis Lock",110
MDO6795,205005T-06-FHS,"Medeco Corbin Russwin KIK Cylinder, M3, Satin Brass, Bloomington",89
MDO6796,205005T-06-FKS,"Medeco Corbin Russwin KIK Cylinder, M3, Satin Brass, Mobile",98
MDO6797,205005T-06-DXS,"Medeco Corbin Russwin KIK Cylinder, M3, Satin Brass, TRANS-Alarm",179
MDO6798,205005T-06-DHS,"Medeco Corbin Russwin KIK Cylinder, M3, Satin Brass, Minneapolis Lock",110
MDO6799,205005T-13-FHS,"Medeco Corbin Russwin KIK Cylinder, M3, Oil Rubbed Bronze, Bloomington",101
MDO6800,205005T-13-FKS,"Medeco Corbin Russwin KIK Cylinder, M3, Oil Rubbed Bronze, Mobile",113
MDO6801,205005T-13-DXS,"Medeco Corbin Russwin KIK Cylinder, M3, Oil Rubbed Bronze, TRANS-Alarm",129
MDO6802,205005T-13-DHS,"Medeco Corbin Russwin KIK Cylinder, M3, Oil Rubbed Bronze, Minneapolis Lock",184
MDO6803,205005T-22-FHS,"Medeco Corbin Russwin KIK Cylinder, M3, Flat Black, Bloomington",81
MDO6804,205005T-22-FKS,"Medeco Corbin Russwin KIK Cylinder, M3, Flat Black, Mobile",93
MDO6805,205005T-22-DXS,"Medeco Corbin Russwin KIK Cylinder, M3, Flat Black, TRANS-Alarm",128
MDO6806,205005T-22-DHS,"Medeco Corbin Russwin KIK Cylinder, M3, Flat Black, Minneapolis Lock",96
MDO6807,205005T-24-FHS,"Medeco Corbin Russwin KIK Cylinder, M3, Dark Bronze, Bloomington",83
MDO6808,205005T-24-FKS,"Medeco Corbin Russwin KIK Cylinder, M3, Dark Bronze, Mobile",162
MDO6809,205005T-24-DXS,"Medeco Corbin Russwin KIK Cylinder, M3, Dark Bronze, TRANS-Alarm",136
MDO6810,205005T-24-DHS,"Medeco Corbin Russwin KIK Cylinder, M3, Dark Bronze, Minneapolis Lock",140
MDO6811,205005T-26-FHS,"Medeco Corbin Russwin KIK Cylinder, M3, Satin Chrome, Bloomington",129
MDO6812,205005T-26-FKS,"Medeco Corbin Russwin KIK Cylinder, M3, Satin Chrome, Mobile",152
MDO6813,205005T-26-DXS,"Medeco Corbin Russwin KIK Cylinder, M3, Satin Chrome, TRANS-Alarm",89
MDO6814,205005T-26-DHS,"Medeco Corbin Russwin KIK Cylinder, M3, Satin Chrome, Minneapolis Lock",190
MDO6815,205005T-BB-FHS,"Medeco Corbin Russwin KIK Cylinder, M3, Matte Black, Bloomington",124
MDO6816,205005T-BB-FKS,"Medeco Corbin Russwin KIK Cylinder, M3, Matte Black, Mobile",114
MDO6817,205005T-BB-DXS,"Medeco Corbin Russwin KIK Cylinder, M3, Matte Black, TRANS-Alarm",185
MDO6818,205005T-BB-DHS,"Medeco Corbin Russwin KIK Cylinder, M3, Matte Black, Minneapolis Lock",117
MDO6819,20200S1J-05-DHS,"Medeco Schlage KIK Cylinder, M3 Bi-Level, Bright Brass, Minneapolis Lock",118
MDO6820,20200S1J-05-FHS,"Medeco Schlage KIK Cylinder, M3 Bi-Level, Bright Brass, Bloomington",86
MDO6821,20200S1J-06-DHS,"Medeco Schlage KIK Cylinder, M3 Bi-Level, Satin Brass, Minneapolis Lock",154
MDO6822,20200S1J-06-FHS,"Medeco Schlage KIK Cylinder, M3 Bi-Level, Satin Brass, Bloomington",163
MDO6823,20200S1J-13-DHS,"Medeco Schlage KIK Cylinder, M3 Bi-Level, Oil Rubbed Bronze, Minneapolis Lock",92
MDO6824,20200S1J-13-FHS,"Medeco Schlage KIK Cylinder, M3 Bi-Level, Oil Rubbed Bronze, Bloomington",121
MDO6825,20200S1J-22-DHS,"Medeco Schlage KIK Cylinder, M3 Bi-Level, Flat Black, Minneapolis Lock",161
MDO6826,20200S1J-22-FHS,"Medeco Schlage KIK Cylinder, M3 Bi-Level, Flat Black, Bloomington",99
MDO6827,20200S1J-24-DHS,"Medeco Schlage KIK Cylinder, M3 Bi-Level, Dark Bronze, Minneapolis Lock",144
MDO6828,20200S1J-24-FHS,"Medeco Schlage KIK Cylinder, M3 Bi-Level, Dark Bronze, Bloomington",187
MDO6829,20200S1J-26-DHS,"Medeco Schlage KIK Cylinder, M3 Bi-Level, Satin Chrome, Minneapolis Lock",145
MDO6830,20200S1J-26-FHS,"Medeco Schlage KIK Cylinder, M3 Bi-Level, Satin Chrome, Bloomington",108
MDO6831,20200S1J-BB-DHS,"Medeco Schlage KIK Cylinder, M3 Bi-Level, Matte Black, Minneapolis Lock",179
MDO6832,20200S1J-BB-FHS,"Medeco Schlage KIK Cylinder, M3 Bi-Level, Matte Black, Bloomington",199
MDO6833,200503J-05-DHS,"Medeco Yale KIK Cylinder, M3 Bi-Level, Bright Brass, Minneapolis Lock",80
MDO6834,200503J-05-FHS,"Medeco Yale KIK Cylinder, M3 Bi-Level, Bright Brass, Bloomington",174
MDO6835,200503J-06-DHS,"Medeco Yale KIK Cylinder, M3 Bi-Level, Satin Brass, Minneapolis Lock",142
MDO6836,200503J-06-FHS,"Medeco Yale KIK Cylinder, M3 Bi-Level, Satin Brass, Bloomington",134
MDO6837,200503J-13-DHS,"Medeco Yale KIK Cylinder, M3 Bi-Level, Oil Rubbed Bronze, Minneapolis Lock",95
MDO6838,200503J-13-FHS,"Medeco Yale KIK Cylinder, M3 Bi-Level, Oil Rubbed Bronze, Bloomington",184
MDO6839,200503J-22-DHS,"Medeco Yale KIK Cylinder, M3 Bi-Level, Flat Black, Minneapolis Lock",144
MDO6840,200503J-22-FHS,"Medeco Yale KIK Cylinder, M3 Bi-Level, Flat Black, Bloomington",183
MDO6841,200503J-24-DHS,"Medeco Yale KIK Cylinder, M3 Bi-Level, Dark Bronze, Minneapolis Lock",137
MDO6842,200503J-24-FHS,"Medeco Yale KIK Cylinder, M3 Bi-Level, Dark Bronze, Bloomington",122
MDO6843,200503J-26-DHS,"Medeco Yale KIK Cylinder, M3 Bi-Level, Satin Chrome, Minneapolis Lock",85
MDO6844,200503J-26-FHS,"Medeco Yale KIK Cylinder, M3 Bi-Level, Satin Chrome, Bloomington",196
MDO6845,200503J-BB-DHS,"Medeco Yale KIK Cylinder, M3 Bi-Level, Matte Black, Minneapolis Lock",129
MDO6846,200503J-BB-FHS,"Medeco Yale KIK Cylinder, M3 Bi-Level, Matte Black, Bloomington",123
MDO6847,20009S4J-05-DHS,"Medeco Schlage Deadbolt Cylinder, M3 Bi-Level, Bright Brass, Minneapolis Lock",96
MDO6848,20009S4J-05-FHS,"Medeco Schlage Deadbolt Cylinder, M3 Bi-Level, Bright Brass, Bloomington",102
MDO6849,20009S4J-06-DHS,"Medeco Schlage Deadbolt Cylinder, M3 Bi-Level, Satin Brass, Minneapolis Lock",112
MDO6850,20009S4J-06-FHS,"Medeco Schlage Deadbolt Cylinder, M3 Bi-Level, Satin Brass, Bloomington",193
MDO6851,20009S4J-13-DHS,"Medeco Schlage Deadbolt Cylinder, M3 Bi-Level, Oil Rubbed Bronze, Minneapolis Lock",154
MDO6852,20009S4J-13-FHS,"Medeco Schlage Deadbolt Cylinder, M3 Bi-Level, Oil Rubbed Bronze, Bloomington",195
MDO6853,20009S4J-22-DHS,"Medeco Schlage Deadbolt Cylinder, M3 Bi-Level, Flat Black, Minneapolis Lock",160
MDO6854,20009S4J-22-FHS,"Medeco Schlage Deadbolt Cylinder, M3 Bi-Level, Flat Black, Bloomington",110
MDO6855,20009S4J-24-DHS,"Medeco Schlage Deadbolt Cylinder, M3 Bi-Level, Dark Bronze, Minneapolis Lock",91
MDO6856,20009S4J-24-FHS,"Medeco Schlage Deadbolt Cylinder, M3 Bi-Level, Dark Bronze, Bloomington",169
MDO6857,20009S4J-26-DHS,"Medeco Schlage Deadbolt Cylinder, M3 Bi-Level, Satin Chrome, Minneapolis Lock",139
MDO6858,20009S4J-26-FHS,"Medeco Schlage Deadbolt Cylinder, M3 Bi-Level, Satin Chrome, Bloomington",93
MDO6859,20009S4J-BB-DHS,"Medeco Schlage Deadbolt Cylinder, M3 Bi-Level, Matte Black, Minneapolis Lock",92
MDO6860,20009S4J-BB-FHS,"Medeco Schlage Deadbolt Cylinder, M3 Bi-Level, Matte Black, Bloomington",167
MDO6861,205005J-05-DHS,"Medeco Corbin Russwin KIK Cylinder, M3 Bi-Level, Bright Brass, Minneapolis Lock",184
MDO6862,205005J-05-FHS,"Medeco Corbin Russwin KIK Cylinder, M3 Bi-Level, Bright Brass, Bloomington",115
MDO6863,205005J-06-DHS,"Medeco Corbin Russwin KIK Cylinder, M3 Bi-Level, Satin Brass, Minneapolis Lock",152
MDO6864,205005J-06-FHS,"Medeco Corbin Russwin KIK Cylinder, M3 Bi-Level, Satin Brass, Bloomington",184
MDO6865,205005J-13-DHS,"Medeco Corbin Russwin KIK Cylinder, M3 Bi-Level, Oil Rubbed Bronze, Minneapolis Lock",136
MDO6866,205005J-13-FHS,"Medeco Corbin Russwin KIK Cylinder, M3 Bi-Level, Oil Rubbed Bronze, Bloomington",116
MDO6867,205005J-22-DHS,"Medeco Corbin Russwin KIK Cylinder, M3 Bi-Level, Flat Black, Minneapolis Lock",121
MDO6868,205005J-22-FHS,"Medeco Corbin Russwin KIK Cylinder, M3 Bi-Level, Flat Black, Bloomington",188
MDO6869,205005J-24-DHS,"Medeco Corbin Russwin KIK Cylinder, M3 Bi-Level, Dark Bronze, Minneapolis Lock",133
MDO6870,205005J-24-FHS,"Medeco Corbin Russwin KIK Cylinder, M3 Bi-Level, Dark Bronze, Bloomington",187
MDO6871,205005J-26-DHS,"Medeco Corbin Russwin KIK Cylinder, M3 Bi-Level, Satin Chrome, Minneapolis Lock",166
MDO6872,205005J-26-FHS,"Medeco Corbin Russwin KIK Cylinder, M3 Bi-Level, Satin Chrome, Bloomington",94
MDO6873,205005J-BB-DHS,"Medeco Corbin Russwin KIK Cylinder, M3 Bi-Level, Matte Black, Minneapolis Lock",174
MDO6874,205005J-BB-FHS,"Medeco Corbin Russwin KIK Cylinder, M3 Bi-Level, Matte Black, Bloomington",185
MDO6875,20200S1H-05-43S,"Medeco Schlage KIK Cylinder, M4-Bi Level, Bright Brass, Shared",179
MDO6876,20200S1H-06-43S,"Medeco Schlage KIK Cylinder, M4-Bi Level, Satin Brass, Shared",121
MDO6877,20200S1H-13-43S,"Medeco Schlage KIK Cylinder, M4-Bi Level, Oil Rubbed Bronze, Shared",101
MDO6878,20200S1H-22-43S,"Medeco Schlage KIK Cylinder, M4-Bi Level, Flat Black, Shared",154
MDO6879,20200S1H-24-43S,"Medeco Schlage KIK Cylinder, M4-Bi Level, Dark Bronze, Shared",135
MDO6880,20200S1H-26-43S,"Medeco Schlage KIK Cylinder, M4-Bi Level, Satin Chrome, Shared",190
MDO6881,20200S1H-BB-43S,"Medeco Schlage KIK Cylinder, M4-Bi Level, Matte Black, Shared",180
MDO6882,200503H-05-43S,"Medeco Yale KIK Cylinder, M4-Bi Level, Bright Brass, Shared",129
MDO6883,200503H-06-43S,"Medeco Yale KIK Cylinder, M4-Bi Level, Satin Brass, Shared",84
MDO6884,200503H-13-43S,"Medeco Yale KIK Cylinder, M4-Bi Level, Oil Rubbed Bronze, Shared",81
MDO6885,200503H-22-43S,"Medeco Yale KIK Cylinder, M4-Bi Level, Flat Black, Shared",84
MDO6886,200503H-24-43S,"Medeco Yale KIK Cylinder, M4-Bi Level, Dark Bronze, Shared",104
MDO6887,200503H-26-43S,"Medeco Yale KIK Cylinder, M4-Bi Level, Satin Chrome, Shared",174
MDO6888,200503H-BB-43S,"Medeco Yale KIK Cylinder, M4-Bi Level, Matte Black, Shared",158
MDO6889,20009S4H-05-43S,"Medeco Schlage Deadbolt Cylinder, M4-Bi Level, Bright Brass, Shared",81
MDO6890,20009S4H-06-43S,"Medeco Schlage Deadbolt Cylinder, M4-Bi Level, Satin Brass, Shared",178
MDO6891,20009S4H-13-43S,"Medeco Schlage Deadbolt Cylinder, M4-Bi Level, Oil Rubbed Bronze, Shared",159
MDO6892,20009S4H-22-43S,"Medeco Schlage Deadbolt Cylinder, M4-Bi Level, Flat Black, Shared",184
MDO6893,20009S4H-24-43S,"Medeco Schlage Deadbolt Cylinder, M4-Bi Level, Dark Bronze, Shared",186
MDO6894,20009S4H-26-43S,"Medeco Schlage Deadbolt Cylinder, M4-Bi Level, Satin Chrome, Shared",86
MDO6895,20009S4H-BB-43S,"Medeco Schlage Deadbolt Cylinder, M4-Bi Level, Matte Black, Shared",146
MDO6896,205005H-05-43S,"Medeco Corbin Russwin KIK Cylinder, M4-Bi Level, Bright Brass, Shared",177
MDO6897,205005H-06-43S,"Medeco Corbin Russwin KIK Cylinder, M4-Bi Level, Satin Brass, Shared",160
MDO6898,205005H-13-43S,"Medeco Corbin Russwin KIK Cylinder, M4-Bi Level, Oil Rubbed Bronze, Shared",129
MDO6899,205005H-22-43S,"Medeco Corbin Russwin KIK Cylinder, M4-Bi Level, Flat Black, Shared",141
MDO6900,205005H-24-43S,"Medeco Corbin Russwin KIK Cylinder, M4-Bi Level, Dark Bronze, Shared",146
MDO6901,205005H-26-43S,"Medeco Corbin Russwin KIK Cylinder, M4-Bi Level, Satin Chrome, Shared",135
MDO6902,205005H-BB-43S,"Medeco Corbin Russwin KIK Cylinder, M4-Bi Level, Matte Black, Shared",176
MDO6903,20200S1K-05-7GS,"Medeco Schlage KIK Cylinder, Keymark, Bright Brass, Bloomington",165
MDO6904,20200S1K-05-7CS,"Medeco Schlage KIK Cylinder, Keymark, Bright Brass, Mobile",165
MDO6905,20200S1K-05-7HS,"Medeco Schlage KIK Cylinder, Keymark, Bright Brass, Minneapolis Lock",113
MDO6906,20200S1K-06-7GS,"Medeco Schlage KIK Cylinder, Keymark, Satin Brass, Bloomington",111
MDO6907,20200S1K-06-7CS,"Medeco Schlage KIK Cylinder, Keymark, Satin Brass, Mobile",108
MDO6908,20200S1K-06-7HS,"Medeco Schlage KIK Cylinder, Keymark, Satin Brass, Minneapolis Lock",111
MDO6909,20200S1K-13-7GS,"Medeco Schlage KIK Cylinder, Keymark, Oil Rubbed Bronze, Bloomington",92
MDO6910,20200S1K-13-7CS,"Medeco Schlage KIK Cylinder, Keymark, Oil Rubbed Bronze, Mobile",147
MDO6911,20200S1K-13-7HS,"Medeco Schlage KIK Cylinder, Keymark, Oil Rubbed Bronze, Minneapolis Lock",190
MDO6912,20200S1K-22-7GS,"Medeco Schlage KIK Cylinder, Keymark, Flat Black, Bloomington",100
MDO6913,20200S1K-22-7CS,"Medeco Schlage KIK Cylinder, Keymark, Flat Black, Mobile",130
MDO6914,20200S1K-22-7HS,"Medeco Schlage KIK Cylinder, Keymark, Flat Black, Minneapolis Lock",84
MDO6915,20200S1K-24-7GS,"Medeco Schlage KIK Cylinder, Keymark, Dark Bronze, Bloomington",168
MDO6916,20200S1K-24-7CS,"Medeco Schlage KIK Cylinder, Keymark, Dark Bronze, Mobile",140
MDO6917,20200S1K-24-7HS,"Medeco Schlage KIK Cylinder, Keymark, Dark Bronze, Minneapolis Lock",111
MDO6918,20200S1K-26-7GS,"Medeco Schlage KIK Cylinder, Keymark, Satin Chrome, Bloomington",84
MDO6919,20200S1K-26-7CS,"Medeco Schlage KIK Cylinder, Keymark, Satin Chrome, Mobile",191
MDO6920,20200S1K-26-7HS,"Medeco Schlage KIK Cylinder, Keymark, Satin Chrome, Minneapolis Lock",145
MDO6921,20200S1K-BB-7GS,"Medeco Schlage KIK Cylinder, Keymark, Matte Black, Bloomington",140
MDO6922,20200S1K-BB-7CS,"Medeco Schlage KIK Cylinder, Keymark, Matte Black, Mobile",163
MDO6923,20200S1K-BB-7HS,"Medeco Schlage KIK Cylinder, Keymark, Matte Black, Minneapolis Lock",84
MDO6924,200503K-05-7GS,"Medeco Yale KIK Cylinder, Keymark, Bright Brass, Bloomington",153
MDO6925,200503K-05-7CS,"Medeco Yale KIK Cylinder, Keymark, Bright Brass, Mobile",95
MDO6926,200503K-05-7HS,"Medeco Yale KIK Cylinder, Keymark, Bright Brass, Minneapolis Lock",133
MDO6927,200503K-06-7GS,"Medeco Yale KIK Cylinder, Keymark, Satin Brass, Bloomington",191
MDO6928,200503K-06-7CS,"Medeco Yale KIK Cylinder, Keymark, Satin Brass, Mobile",187
MDO6929,200503K-06-7HS,"Medeco Yale KIK Cylinder, Keymark, Satin Brass, Minneapolis Lock",186
MDO6930,200503K-13-7GS,"Medeco Yale KIK Cylinder, Keymark, Oil Rubbed Bronze, Bloomington",102
MDO6931,200503K-13-7CS,"Medeco Yale KIK Cylinder, Keymark, Oil Rubbed Bronze, Mobile",101
MDO6932,200503K-13-7HS,"Medeco Yale KIK Cylinder, Keymark, Oil Rubbed Bronze, Minneapolis Lock",194
MDO6933,200503K-22-7GS,"Medeco Yale KIK Cylinder, Keymark, Flat Black, Bloomington",195
MDO6934,200503K-22-7CS,"Medeco Yale KIK Cylinder, Keymark, Flat Black, Mobile",146
MDO6935,200503K-22-7HS,"Medeco Yale KIK Cylinder, Keymark, Flat Black, Minneapolis Lock",146
MDO6936,200503K-24-7GS,"Medeco Yale KIK Cylinder, Keymark, Dark Bronze, Bloomington",128
MDO6937,200503K-24-7CS,"Medeco Yale KIK Cylinder, Keymark, Dark Bronze, Mobile",112
MDO6938,200503K-24-7HS,"Medeco Yale KIK Cylinder, Keymark, Dark Bronze, Minneapolis Lock",133
MDO6939,200503K-26-7GS,"Medeco Yale KIK Cylinder, Keymark, Satin Chrome, Bloomington",84
MDO6940,200503K-26-7CS,"Medeco Yale KIK Cylinder, Keymark, Satin Chrome, Mobile",149
MDO6941,200503K-26-7HS,"Medeco Yale KIK Cylinder, Keymark, Satin Chrome, Minneapolis Lock",187
MDO6942,200503K-BB-7GS,"Medeco Yale KIK Cylinder, Keymark, Matte Black, Bloomington",188
MDO6943,200503K-BB-7CS,"Medeco Yale KIK Cylinder, Keymark, Matte Black, Mobile",104
MDO6944,200503K-BB-7HS,"Medeco Yale KIK Cylinder, Keymark, Matte Black, Minneapolis Lock",141
MDO6945,20009S4K-05-7GS,"Medeco Schlage Deadbolt Cylinder, Keymark, Bright Brass, Bloomington",122
MDO6946,20009S4K-05-7CS,"Medeco Schlage Deadbolt Cylinder, Keymark, Bright Brass, Mobile",104
MDO6947,20009S4K-05-7HS,"Medeco Schlage Deadbolt Cylinder, Keymark, Bright Brass, Minneapolis Lock",172
MDO6948,20009S4K-06-7GS,"Medeco Schlage Deadbolt Cylinder, Keymark, Satin Brass, Bloomington",117
MDO6949,20009S4K-06-7CS,"Medeco Schlage Deadbolt Cylinder, Keymark, Satin Brass, Mobile",120
MDO6950,20009S4K-06-7HS,"Medeco Schlage Deadbolt Cylinder, Keymark, Satin Brass, Minneapolis Lock",132
MDO6951,20009S4K-13-7GS,"Medeco Schlage Deadbolt Cylinder, Keymark, Oil Rubbed Bronze, Bloomington",136
MDO6952,20009S4K-13-7CS,"Medeco Schlage Deadbolt Cylinder, Keymark, Oil Rubbed Bronze, Mobile",148
MDO6953,20009S4K-13-7HS,"Medeco Schlage Deadbolt Cylinder, Keymark, Oil Rubbed Bronze, Minneapolis Lock",197
MDO6954,20009S4K-22-7GS,"Medeco Schlage Deadbolt Cylinder, Keymark, Flat Black, Bloomington",114
MDO6955,20009S4K-22-7CS,"Medeco Schlage Deadbolt Cylinder, Keymark, Flat Black, Mobile",187
MDO6956,20009S4K-22-7HS,"Medeco Schlage Deadbolt Cylinder, Keymark, Flat Black, Minneapolis Lock",186
MDO6957,20009S4K-24-7GS,"Medeco Schlage Deadbolt Cylinder, Keymark, Dark Bronze, Bloomington",155
MDO6958,20009S4K-24-7CS,"Medeco Schlage Deadbolt Cylinder, Keymark, Dark Bronze, Mobile",114
MDO6959,20009S4K-24-7HS,"Medeco Schlage Deadbolt Cylinder, Keymark, Dark Bronze, Minneapolis Lock",160
MDO6960,20009S4K-26-7GS,"Medeco Schlage Deadbolt Cylinder, Keymark, Satin Chrome, Bloomington",105
MDO6961,20009S4K-26-7CS,"Medeco Schlage Deadbolt Cylinder, Keymark, Satin Chrome, Mobile",109
MDO6962,20009S4K-26-7HS,"Medeco Schlage Deadbolt Cylinder, Keymark, Satin Chrome, Minneapolis Lock",159
MDO6963,20009S4K-BB-7GS,"Medeco Schlage Deadbolt Cylinder, Keymark, Matte Black, Bloomington",157
MDO6964,20009S4K-BB-7CS,"Medeco Schlage Deadbolt Cylinder, Keymark, Matte Black, Mobile",159
MDO6965,20009S4K-BB-7HS,"Medeco Schlage Deadbolt Cylinder, Keymark, Matte Black, Minneapolis Lock",149
MDO6966,205005K-05-7GS,"Medeco Corbin Russwin KIK Cylinder, Keymark, Bright Brass, Bloomington",102
MDO6967,205005K-05-7CS,"Medeco Corbin Russwin KIK Cylinder, Keymark, Bright Brass, Mobile",172
MDO6968,205005K-05-7HS,"Medeco Corbin Russwin KIK Cylinder, Keymark, Bright Brass, Minneapolis Lock",81
MDO6969,205005K-06-7GS,"Medeco Corbin Russwin KIK Cylinder, Keymark, Satin Brass, Bloomington",146
MDO6970,205005K-06-7CS,"Medeco Corbin Russwin KIK Cylinder, Keymark, Satin Brass, Mobile",143
MDO6971,205005K-06-7HS,"Medeco Corbin Russwin KIK Cylinder, Keymark, Satin Brass, Minneapolis Lock",134
MDO6972,205005K-13-7GS,"Medeco Corbin Russwin KIK Cylinder, Keymark, Oil Rubbed Bronze, Bloomington",141
MDO6973,205005K-13-7CS,"Medeco Corbin Russwin KIK Cylinder, Keymark, Oil Rubbed Bronze, Mobile",123
MDO6974,205005K-13-7HS,"Medeco Corbin Russwin KIK Cylinder, Keymark, Oil Rubbed Bronze, Minneapolis Lock",158
MDO6975,205005K-22-7GS,"Medeco Corbin Russwin KIK Cylinder, Keymark, Flat Black, Bloomington",141
MDO6976,205005K-22-7CS,"Medeco Corbin Russwin KIK Cylinder, Keymark, Flat Black, Mobile",174
MDO6977,205005K-22-7HS,"Medeco Corbin Russwin KIK Cylinder, Keymark, Flat Black, Minneapolis Lock",177
MDO6978,205005K-24-7GS,"Medeco Corbin Russwin KIK Cylinder, Keymark, Dark Bronze, Bloomington",125
MDO6979,205005K-24-7CS,"Medeco Corbin Russwin KIK Cylinder, Keymark, Dark Bronze, Mobile",164
MDO6980,205005K-24-7HS,"Medeco Corbin Russwin KIK Cylinder, Keymark, Dark Bronze, Minneapolis Lock",149
MDO6981,205005K-26-7GS,"Medeco Corbin Russwin KIK Cylinder, Keymark, Satin Chrome, Bloomington",199
MDO6982,205005K-26-7CS,"Medeco Corbin Russwin KIK Cylinder, Keymark, Satin Chrome, Mobile",88
MDO6983,205005K-26-7HS,"Medeco Corbin Russwin KIK Cylinder, Keymark, Satin Chrome, Minneapolis Lock",180
MDO6984,205005K-BB-7GS,"Medeco Corbin Russwin KIK Cylinder, Keymark, Matte Black, Bloomington",88
MDO6985,205005K-BB-7CS,"Medeco Corbin Russwin KIK Cylinder, Keymark, Matte Black, Mobile",132
MDO6986,205005K-BB-7HS,"Medeco Corbin Russwin KIK Cylinder, Keymark, Matte Black, Minneapolis Lock",187
MDO6987,20200S1P-05-43S,"Medeco Schlage KIK Cylinder, M4, Bright Brass, Shared",188
MDO6988,20200S1P-06-43S,"Medeco Schlage KIK Cylinder, M4, Satin Brass, Shared",103
MDO6989,20200S1P-13-43S,"Medeco Schlage KIK Cylinder, M4, Oil Rubbed Bronze, Shared",87
MDO6990,20200S1P-22-43S,"Medeco Schlage KIK Cylinder, M4, Flat Black, Shared",112
MDO6991,20200S1P-24-43S,"Medeco Schlage KIK Cylinder, M4, Dark Bronze, Shared",182
MDO6992,20200S1P-26-43S,"Medeco Schlage KIK Cylinder, M4, Satin Chrome, Shared",160
MDO6993,20200S1P-BB-43S,"Medeco Schlage KIK Cylinder, M4, Matte Black, Shared",126
MDO6994,200503P-05-43S,"Medeco Yale KIK Cylinder, M4, Bright Brass, Shared",101
MDO6995,200503P-06-43S,"Medeco Yale KIK Cylinder, M4, Satin Brass, Shared",139
MDO6996,200503P-13-43S,"Medeco Yale KIK Cylinder, M4, Oil Rubbed Bronze, Shared",132
MDO6997,200503P-22-43S,"Medeco Yale KIK Cylinder, M4, Flat Black, Shared",144
MDO6998,200503P-24-43S,"Medeco Yale KIK Cylinder, M4, Dark Bronze, Shared",140
MDO6999,200503P-26-43S,"Medeco Yale KIK Cylinder, M4, Satin Chrome, Shared",122
MDO7000,200503P-BB-43S,"Medeco Yale KIK Cylinder, M4, Matte Black, Shared",150
MDO7001,20009S4P-05-43S,"Medeco Schlage Deadbolt Cylinder, M4, Bright Brass, Shared",82
MDO7002,20009S4P-06-43S,"Medeco Schlage Deadbolt Cylinder, M4, Satin Brass, Shared",106
MDO7003,20009S4P-13-43S,"Medeco Schlage Deadbolt Cylinder, M4, Oil Rubbed Bronze, Shared",156
MDO7004,20009S4P-22-43S,"Medeco Schlage Deadbolt Cylinder, M4, Flat Black, Shared",178
MDO7005,20009S4P-24-43S,"Medeco Schlage Deadbolt Cylinder, M4, Dark Bronze, Shared",121
MDO7006,20009S4P-26-43S,"Medeco Schlage Deadbolt Cylinder, M4, Satin Chrome, Shared",180
MDO7007,20009S4P-BB-43S,"Medeco Schlage Deadbolt Cylinder, M4, Matte Black, Shared",162
MDO7008,205005P-05-43S,"Medeco Corbin Russwin KIK Cylinder, M4, Bright Brass, Shared",145
MDO7009,205005P-06-43S,"Medeco Corbin Russwin KIK Cylinder, M4, Satin Brass, Shared",154
MDO7010,205005P-13-43S,"Medeco Corbin Russwin KIK Cylinder, M4, Oil Rubbed Bronze, Shared",125
MDO7011,205005P-22-43S,"Medeco Corbin Russwin KIK Cylinder, M4, Flat Black, Shared",126
MDO7012,205005P-24-43S,"Medeco Corbin Russwin KIK Cylinder, M4, Dark Bronze, Shared",178
MDO7013,205005P-26-43S,"Medeco Corbin Russwin KIK Cylinder, M4, Satin Chrome, Shared",103
MDO7014,205005P-BB-43S,"Medeco Corbin Russwin KIK Cylinder, M4, Matte Black, Shared",106
MDO7015,310100K-24-7CS,"Medeco LFIC Core, Yale, Keymark, Dark Bronze, Mobile",125
MDO7016,310100K-26-7CS,"Medeco LFIC Core, Yale, Keymark, Satin Chrome, Mobile",83
MDO7017,310100N-24-DBQS,"Medeco LFIC Core, Yale, X4, Dark Bronze, Bloomington ",159
MDO7018,310100H-26-43S,"Medeco LFIC Core, Yale, M4, Satin Chrome, Shared",118
MDO7019,310100W-26-X3S,"Medeco LFIC Core, Yale, Biaxial, Satin Chrome, Bloomington",134
MDO7020,310100W-26-PAS,"Medeco LFIC Core, Yale, Biaxial Patriot, Satin Chrome, Shared",180
MDO7021,310100T-26-DXS,"Medeco LFIC Core, Yale, M3, Satin Chrome, TRANS-Alarm",80
MDO7022,310101T-26-DXS,"Medeco LFIC Core and Housing, Yale, M3, Satin Chrome, TRANS-Alarm",152
MDO7023,320201H-26-43S,"Medeco LFIC Core, M4, Satin Chrome, Shared",196
MDO7024,320201T-26-DHS,"Medeco LFIC Core, M3, Satin Chrome, Minneapolis",168
MDO7025,320201T-24-DHS,"Medeco LFIC Core, M3, Dark Bronze, Minneapolis",180
MDO7026,322301T-26-DXS,"Medeco LFIC Core, Corbin, M3, Satin Chrome, TRANS-Alarm",131
MDO7027,320201T-26-DXS,"Medeco LFIC Core, M3, Satin Chrome, TRANS-Alarm",165
MDO7028,320201W-26-X3S,"Medeco LFIC Core, Biaxial, Satin Chrome, Bloomington",115
MDO7029,322301N-26-DBKS,"Medeco LFIC Core, Corbin, X4, Satin Chrome, TRANS-Alarm",174
MDO7030,322201N-26-DBQS,"Medeco LFIC Core, Schlage, X4, Satin Chrome, Bloomington ",157
MDO7031,322201N-26-DBKS,"Medeco LFIC Core, Schlage, X4, Satin Chrome, TRANS-Alarm ",126
MDO7032,322201N-06-DBKS,"Medeco LFIC Core, Schlage, X4, Satin Brass, TRANS-Alarm ",119
MDO7033,322201N-24-DBQS,"Medeco LFIC Core, Schlage, X4, Dark Bronze, Bloomington ",181
MDO7034,322201K-26-7GS,"Medeco LFIC Core, Schlage, Keymark, Satin Chrome, Bloomington ",178
MDO7035,322201K-06-7GS,"Medeco LFIC Core, Schlage, Keymark, Satin Brass, Bloomington ",174
MDO7036,320201T-26-FHS,"Medeco LFIC Core, M3, Satin Chrome, TRANS-Alarm",99
MDO7037,33600006N-05-DBQS,"Medeco SFIC Core, 6-Pin, X4, Bright Brass, Bloomington",189
MDO7038,33600006N-06-DBKS,"Medeco SFIC Core, 6-Pin, X4, Satin Brass, TRANS-Alarm",126
MDO7039,33600006N-06-DBQS,"Medeco SFIC Core, 6-Pin, X4, Satin Brass, Bloomington",105
MDO7040,33600006N-13-DBQS,"Medeco SFIC Core, 6-Pin, X4, Oil Rubbed Bronze, Bloomington",86
MDO7041,33600006N-22-DVS,"Medeco SFIC Core, 6-Pin, X4, Flat Black, Minneapolis",177
MDO7042,33600006N-26-DBKS,"Medeco SFIC Core, 6-Pin, X4, Satin Chrome, TRANS-Alarm",102
MDO7043,33600006N-26-DBQS,"Medeco SFIC Core, 6-Pin, X4, Satin Chrome, Bloomington",137
MDO7044,33600006N-26-DBVS,"Medeco SFIC Core, 6-Pin, X4, Satin Chrome, Minneapolis",90
MDO7045,33700006N-BB-DBQS,"Medeco SFIC Core, 7-Pin, X4, Matte Black, Bloomington",146
MDO7046,33600006N-24-DBQS,"Medeco SFIC Core, 6-Pin, X4, Dark Bronze, Bloomington",197
MDO7047,33600006N-24-DBVS,"Medeco SFIC Core, 6-Pin, X4, Dark Bronze, Minneapolis ",156
MDO7048,33600006N-BB-DBQS,"Medeco SFIC Core, 6-Pin, X4, Matte Black, Bloomington",130
MDO7049,33700006N-06-DBKS,"Medeco SFIC Core, 7-Pin, X4, Satin Brass, TRANS-Alarm",163
MDO7050,33700006N-26-DBKS,"Medeco SFIC Core, 7-Pin, X4, Satin Chrome, TRANS-Alarm",169
MDO7051,33702022N-BB-DBQS,"Medeco SFIC Core and Housing, 7-Pin, X4, Matte Black, Bloomington",174
MDO7052,33700006K-26-7HS,"Medeco SFIC Core, 7-Pin, Keymark, Satin Chrome, Minneapolis",85
MDO7053,33600006K-22-7GS,"Medeco SFIC Core, 6-Pin, Keymark, Matte Black, Bloomington",106
MDO7054,33600006K-26-7GS,"Medeco SFIC Core, 6-Pin, Keymark, Satin Chrome, Bloomington",164