Record ID,Manufacturer,Manufacturer Part Number,Price,Description,Short Number
ALT1043 - Altronix power supply -  ultra Sensitive Multiple Relay -  12/24VDC - Altronix power supply -  ultra Sensitive Multiple Relay -  12/24VDC - AX170 -  - $134.78 ,Altronix,,134.78,Altronix power supply -  ultra Sensitive Multiple Relay -  12/24VDC,ALT1043
ALT1044 - Altronix Power Supply in Cabinet -  12 VDC @ 4A or 24 VDC @ 3A - Altronix Power Supply in Cabinet -  12 VDC @ 4A or 24 VDC @ 3A - AX171 -  - $281.43 ,Altronix,,281.43,Altronix Power Supply in Cabinet -  12 VDC @ 4A or 24 VDC @ 3A,ALT1044
"ALT1011 - Multi-Purpose 1 Second to 1 Hour Timer - Multi-Purpose 1 Second to 1 Hour Timer, Altronix 12/24VDC - AX121 - 6062 - $48.29 ",Altronix,6062,48.29,Multi-Purpose 1 Second to 1 Hour Timer,ALT1011
ALT1042 - Timer Digital Multi-Event  365 Day 12-24Vac-DC -  Bat CR2032 - Timer Digital Multi-Event  365 Day 12-24Vac-DC -  Bat CR2032 - PT724A - 724A - $130.57 ,Altronix,724A,130.57,Timer Digital Multi-Event  365 Day 12-24Vac-DC -  Bat CR2032,ALT1042
ALT1061 - GEMINI -   EL- MORTISE LOCK - GEMINI -   EL- MORTISE LOCK - AC120 - AC8500-PL-24VAC-2255 - $332.01 ,Altronix,AC8500-PL-24VAC-2255,332.01,GEMINI -   EL- MORTISE LOCK,ALT1061
"ALT1088 - Circuit Breaker 12 to 24 VAC/VDC -  8 In/8 Out  - Circuit Breaker 12 to 24 VAC/VDC, 8 In/8 Out  -  - ACM8CB - $140.90 ",Altronix,ACM8CB,140.9,Circuit Breaker 12 to 24 VAC/VDC -  8 In/8 Out ,ALT1088
ALT1034 - Aiphone Surface Mount Indoor Sub station - Aiphone Surface Mount Indoor Sub station - AX166 - AIP AX-A - $136.51 ,Altronix,AIP AX-A,136.51,Aiphone Surface Mount Indoor Sub station,ALT1034
ALT1038 - Surface mount Box 30 Deg Angle for JF-DV & JK-DV - Surface mount Box 30 Deg Angle for JF-DV & JK-DV - AX181 - AIP SBX-DV30 - $121.87 ,Altronix,AIP SBX-DV30,121.87,Surface mount Box 30 Deg Angle for JF-DV & JK-DV,ALT1038
ALT1054 - Power Supply Board -  24VDC -  10 AMP - Power Supply Board -  24VDC -  10 AMP - AX184 - AL 1024ULBX2 - $328.26 ,Altronix,AL 1024ULBX2,328.26,Power Supply Board -  24VDC -  10 AMP,ALT1054
"ALT1087 -  Power Supply With Cabinet - 10Amp Power Supply w/Cabinet - 8 Output Dist. Board w/FACP Input, Altronix -  - AL1012ULACMCB - $636.17 ",Altronix,AL1012ULACMCB,636.17, Power Supply With Cabinet,ALT1087
ALT1065 - Power Supply/Access Power Controller -  Input 115VAC 60Hz at 2.6A -  5 PTC Outputs -  12VDC at 10A -  Grey Enclosure - Power Supply/Access Power Controller -  Input 115VAC 60Hz at 2.6A -  5 PTC Outputs -  12VDC at 10A -  Grey Enclosure -  - AL1012ULM - $549.18 ,Altronix,AL1012ULM,549.18,Power Supply/Access Power Controller -  Input 115VAC 60Hz at 2.6A -  5 PTC Outputs -  12VDC at 10A -  Grey Enclosure,ALT1065
ALT1036 - Power Supply/Charger -  Input 115VAC 60Hz at 2.6A -  16 PTC Outputs -  12VDC at 10A -  Grey Enclosure - Power Supply/Charger -  Input 115VAC 60Hz at 2.6A -  16 PTC Outputs -  12VDC at 10A -  Grey Enclosure - AX168 - AL1012ULXPD16CB - $548.45 ,Altronix,AL1012ULXPD16CB,548.45,Power Supply/Charger -  Input 115VAC 60Hz at 2.6A -  16 PTC Outputs -  12VDC at 10A -  Grey Enclosure,ALT1036
ALT1081 - Power Supply -  10 Amp -  24VDC - Power Supply -  10 Amp -  24VDC -  - AL1024ULACM - $612.34 ,Altronix,AL1024ULACM,612.339,Power Supply -  10 Amp -  24VDC,ALT1081
ALT1091 - Altronix 12/24 VDC 4A power supply with enclosure and distribution board - Altronix 12/24 VDC 4A power supply with enclosure and distribution board -  - AL1024ULACMCB - $511.64 ,Altronix,AL1024ULACMCB,511.64,Altronix 12/24 VDC 4A power supply with enclosure and distribution board,ALT1091
ALT1057 - POWER SUPPLY - POWER SUPPLY - AX172 - AL1024ULX - $598.51 ,Altronix,AL1024ULX,598.51,POWER SUPPLY,ALT1057
ALT1076 - Power Supply -  24VDC -  10AMP -  Board Only - Power Supply -  24VDC -  10AMP -  Board Only -  - AL1024ULXB2 - $361.85 ,Altronix,AL1024ULXB2,361.8511,Power Supply -  24VDC -  10AMP -  Board Only,ALT1076
ALT1077 - Power Supply/Charger -  24VAC -  2 PTC Outputs -  Grey Enclosure - Power Supply/Charger -  24VAC -  2 PTC Outputs -  Grey Enclosure -  - AL125ULE - $200.82 ,Altronix,AL125ULE,200.82,Power Supply/Charger -  24VAC -  2 PTC Outputs -  Grey Enclosure,ALT1077
ALT1079 - Power Supply -  Input 115VAC 50/60Hz at 2.7A -  8 PTC Outputs -  16VAC @ 18A -  18VAC @ 16A - Power Supply -  Input 115VAC 50/60Hz at 2.7A -  8 PTC Outputs -  16VAC @ 18A -  18VAC @ 16A -  - AL168300CBM - $472.58 ,Altronix,AL168300CBM,472.58,Power Supply -  Input 115VAC 50/60Hz at 2.7A -  8 PTC Outputs -  16VAC @ 18A -  18VAC @ 16A,ALT1079
ALT1000 - 12/24V 1.75 AMP 2 OUTPUT UL - 12/24V 1.75 AMP 2 OUTPUT UL - AX-AL175UL - AL175UL - $251.24 ,Altronix,AL175UL,251.24,12/24V 1.75 AMP 2 OUTPUT UL,ALT1000
ALT1084 - Altronix ALTV244UL3 CCTV Power Supply with 4 Fused Outputs -  24/28VAC at 3.5A -  115VAC -  BC100 Enclosure -  - Altronix ALTV244UL3 CCTV Power Supply with 4 Fused Outputs -  24/28VAC at 3.5A -  115VAC -  BC100 Enclosure - -  - AL244UL3 - $196.78 ,Altronix,AL244UL3,196.78,Altronix ALTV244UL3 CCTV Power Supply with 4 Fused Outputs -  24/28VAC at 3.5A -  115VAC -  BC100 Enclosure - ,ALT1084
ALT1033 - 3 Amp Power Supply - Board Only - 3 Amp Power Supply - Board Only - AX165 - AL300ULXB - $172.09 ,Altronix,AL300ULXB,172.09,3 Amp Power Supply - Board Only,ALT1033
ALT1073 - 4 AMP 12/24VDC 8 OUTPUT POWER SUPPLY - 4 AMP 12/24VDC 8 OUTPUT POWER SUPPLY -  - AL400ULACM - $493.43 ,Altronix,AL400ULACM,493.43,4 AMP 12/24VDC 8 OUTPUT POWER SUPPLY,ALT1073
ALT1083 - 12/24VDC Power Supply - Cabinet -  Dist. Board -  Fire/Access Integration - 12/24VDC Power Supply - Cabinet -  Dist. Board -  Fire/Access Integration -  - AL400ULACM - $486.75 ,Altronix,AL400ULACM,486.75,12/24VDC Power Supply - Cabinet -  Dist. Board -  Fire/Access Integration,ALT1083
"ALT1089 - Power Supply -  Board Only -  12/24V -  120VAC Input - Power Supply, Board Only, 12/24V, 120VAC Input -  - AL400ULXB2 - $279.74 ",Altronix,AL400ULXB2,279.74,Power Supply -  Board Only -  12/24V -  120VAC Input,ALT1089
ALT1067 - 12/24VDC 6 AMP POWER SUPPLY - 12/24VDC 6 AMP POWER SUPPLY -  - AL600ULX - $444.03 ,Altronix,AL600ULX,444.03,12/24VDC 6 AMP POWER SUPPLY,ALT1067
ALT1032 - 12/24VDC 6 AMP UL NO ENCLOSURE - 12/24VDC 6 AMP UL NO ENCLOSURE - AX164 - AL600ULXB - $325.77 ,Altronix,AL600ULXB,325.77,12/24VDC 6 AMP UL NO ENCLOSURE,ALT1032
"ALT1092 - Access Power Controller - Access Power Controller, 8 Fused Relay Outputs, FAI, Board -  - ALT ACM8 - $108.38 ",Altronix,ALT ACM8,108.38,Access Power Controller,ALT1092
ALT1028 - 24VDC 10Amp Power supply w/Enclosure - 24VDC 10Amp Power supply w/Enclosure - AX160 - ALT AL1024ULXPD16 - $523.87 ,Altronix,ALT AL1024ULXPD16,523.87,24VDC 10Amp Power supply w/Enclosure,ALT1028
"ALT1090 - Sensitive Relay Module - Sensitive Relay Module, Altronix, 2/24VDC, DPDT Contacts 1A - 120VAC or 2A - 28VDC 1A/120VAC OR 2A/28VDC DPDT Contacts. -  - ALT RBSN 10616 - $31.20 ",Altronix,ALT RBSN 10616,31.2,Sensitive Relay Module,ALT1090
ALT1053 - Relay Sensor Board 3-12VDC 1MA - Relay Sensor Board 3-12VDC 1MA - AX183 - ALT RBSN-TTL - $24.65 ,Altronix,ALT RBSN-TTL,24.65,Relay Sensor Board 3-12VDC 1MA,ALT1053
ALT1040 - Power Supply 2.5A 6-24VDC -  Selectable -  In Can With Xfmr - Power Supply 2.5A 6-24VDC -  Selectable -  In Can With Xfmr - AX200 - ALT SMP3ET - $131.19 ,Altronix,ALT SMP3ET,131.19,Power Supply 2.5A 6-24VDC -  Selectable -  In Can With Xfmr,ALT1040
ALT1041 - XFMR 24V-28V -  100VA -  with Cabinet - No line cord included - XFMR 24V-28V -  100VA -  with Cabinet - No line cord included - AX201 - ALT T2428100C - $129.03 ,Altronix,ALT T2428100C,129.03,XFMR 24V-28V -  100VA -  with Cabinet - No line cord included,ALT1041
ALT1003 - CCTV Power Supply -  16 Ch. 12-24 DC -  6 Amp - CCTV Power Supply -  16 Ch. 12-24 DC -  6 Amp - AL129 - ALT TV1224DC2 - $276.14 ,Altronix,ALT TV1224DC2,276.14,CCTV Power Supply -  16 Ch. 12-24 DC -  6 Amp,ALT1003
ALT1026 - Outdoor Power Supply -  24-28V 100VA - Outdoor Power Supply -  24-28V 100VA - AX157 - ALT WAYPOINT10A - $261.08 ,Altronix,ALT WAYPOINT10A,261.08,Outdoor Power Supply -  24-28V 100VA,ALT1026
ALT1027 - UL Listed 1amp 12/24 V and Enclosure - UL Listed 1amp 12/24 V and Enclosure - AX159 - ALT-Al125UL - $178.43 ,Altronix,ALT-Al125UL,178.43,UL Listed 1amp 12/24 V and Enclosure,ALT1027
ALT1030 - 12VDC (4Amp) or 24VDC (3Amp) Power Supply w/8 Outputs - 12VDC (4Amp) or 24VDC (3Amp) Power Supply w/8 Outputs - AX162 - ALT-AL400ULPD8 - $247.98 ,Altronix,ALT-AL400ULPD8,247.98,12VDC (4Amp) or 24VDC (3Amp) Power Supply w/8 Outputs,ALT1030
ALT1039 - Powert Supply 6 AMP 12-24V - Powert Supply 6 AMP 12-24V - AX182 - ALT-SMP7CTX - $323.27 ,Altronix,ALT-SMP7CTX,323.27,Powert Supply 6 AMP 12-24V,ALT1039
ALT1078 - CCTV Power Supply -  4 Fuse Protected Outputs -  16VAC @ 6A or 18VAC @ 5A -  BC100 Enclosure - CCTV Power Supply -  4 Fuse Protected Outputs -  16VAC @ 6A or 18VAC @ 5A -  BC100 Enclosure -  - ALTV164 - $175.60 ,Altronix,ALTV164,175.6,CCTV Power Supply -  4 Fuse Protected Outputs -  16VAC @ 6A or 18VAC @ 5A -  BC100 Enclosure,ALT1078
ALT1066 - 24VAC 16 OUTPUT POWER SUPPLY - 24VAC 16 OUTPUT POWER SUPPLY -  - ALTV2416 - $261.86 ,Altronix,ALTV2416,261.86,24VAC 16 OUTPUT POWER SUPPLY,ALT1066
ALT1069 - CCTV Power Supply -  Input 115VAC 50/60Hz at 0.9A -  8 Fuse Protected Outputs -  24VAC at 3.5A or 28VAC at 3A -  Grey Enclosure - CCTV Power Supply -  Input 115VAC 50/60Hz at 0.9A -  8 Fuse Protected Outputs -  24VAC at 3.5A or 28VAC at 3A -  Grey Enclosure -  - ALTV248UL - $189.25 ,Altronix,ALTV248UL,189.25,CCTV Power Supply -  Input 115VAC 50/60Hz at 0.9A -  8 Fuse Protected Outputs -  24VAC at 3.5A or 28VAC at 3A -  Grey Enclosure,ALT1069
ALT1070 - Power Supply 6-15 VDC -  2.5Amp -  CCTV - Power Supply 6-15 VDC -  2.5Amp -  CCTV -  - ALTV615DC4CB - $198.20 ,Altronix,ALTV615DC4CB,198.2,Power Supply 6-15 VDC -  2.5Amp -  CCTV,ALT1070
ALT1001 - Power Supply Board -  24VDC -  10 AMP - Power Supply Board -  24VDC -  10 AMP - AX AL 1024ULBX2 - AX AL 1024ULBX2 - $328.26 ,Altronix,AX AL 1024ULBX2,328.26,Power Supply Board -  24VDC -  10 AMP,ALT1001
"ALT1004 -  Amp Power Supply W/Charger - Amp Power Supply W/Charger, 6-24VDC 4, Altronix - AX104 - AX SMP5 - $97.20 ",Altronix,AX SMP5,97.2, Amp Power Supply W/Charger,ALT1004
ALT1021 - FLUSH DOOR STATION - FLUSH DOOR STATION - AX151 - AX-AIP-AXDVF - $590.98 ,Altronix,AX-AIP-AXDVF,590.98,FLUSH DOOR STATION,ALT1021
"ALT1024 - AX-AIP-JKS1AEDV 3.5in COLOR MEMORY VIDEO SET - AX-AIP-JKS1AEDV 3.5in COLOR MEMORY VIDEO SET - AX155 - AX-AIP-JKS1AEDV - $1,173.11 ",Altronix,AX-AIP-JKS1AEDV,1173.11,AX-AIP-JKS1AEDV 3.5in COLOR MEMORY VIDEO SET,ALT1024
ALT1023 - ANGLE BOX FOR AS-DV - ANGLE BOX FOR AS-DV - AX153 - AX-AIP-SBXASDV30 - $165.08 ,Altronix,AX-AIP-SBXASDV30,165.08,ANGLE BOX FOR AS-DV,ALT1023
ALT1022 - SURFACE BACK BOX AX-DVF - SURFACE BACK BOX AX-DVF - AX152 - AX-AIP-SBXAXDVF - $276.68 ,Altronix,AX-AIP-SBXAXDVF,276.68,SURFACE BACK BOX AX-DVF,ALT1022
ALT1013 - POWER SUPPLY. 12/24 VDC - POWER SUPPLY. 12/24 VDC - AX127 - AX-AL300ULX - $284.02 ,Altronix,AX-AL300ULX,284.02,POWER SUPPLY. 12/24 VDC,ALT1013
ALT1025 - AX-ALT LC2  LINE CORD - AX-ALT LC2  LINE CORD - AX156 - AX-ALT LC2 - $34.05 ,Altronix,AX-ALT LC2,34.05,AX-ALT LC2  LINE CORD,ALT1025
ALT1019 - 8 CHANNEL POWER SUPPLY 24VAC - 8 CHANNEL POWER SUPPLY 24VAC - AX145 - AX-ALTTV248UL3 - $159.25 ,Altronix,AX-ALTTV248UL3,159.25,8 CHANNEL POWER SUPPLY 24VAC,ALT1019
ALT1037 - 9 Out 12VDC @ 5A PTC CCTV Power Supply - 9 Out 12VDC @ 5A PTC CCTV Power Supply - AX180 - AX-SAV9D - $109.41 ,Altronix,AX-SAV9D,109.41,9 Out 12VDC @ 5A PTC CCTV Power Supply,ALT1037
"ALT1020 - Power Supply Charger - 6-24VDC 2.5 Power Supply w/Charger, Altronix - AX149 - AX-SMP3 - $72.50 ",Altronix,AX-SMP3,72.5,Power Supply Charger,ALT1020
ALT1031 - 5 Amp Power Supply in Cabinet - 5 Amp Power Supply in Cabinet - AX163 - AX-SMP5PMCTX - $284.34 ,Altronix,AX-SMP5PMCTX,284.34,5 Amp Power Supply in Cabinet,ALT1031
ALT1063 - AX173: Altronix: Power Distribution Unit - AX173: Altronix: Power Distribution Unit - AX PD8 - AX173 - $51.44 ,Altronix,AX173,51.44,AX173: Altronix: Power Distribution Unit,ALT1063
"ALT1016 - CENTRAL EXCHANGE UNIT FOR 24 DOORS. 8 MASTERS - CENTRAL EXCHANGE UNIT FOR 24 DOORS. 8 MASTERS - AX134 - AX248C - $2,321.86 ",Altronix,AX248C,2321.86,CENTRAL EXCHANGE UNIT FOR 24 DOORS. 8 MASTERS,ALT1016
"ALT1014 - AUDIO VIDEO MASTER STATION - AUDIO VIDEO MASTER STATION - AX132 - AX8MV - $1,166.46 ",Altronix,AX8MV,1166.46,AUDIO VIDEO MASTER STATION,ALT1014
ALT1062 - 1.75A -  PWR SPLY W/ BATT BACKUP - 12 / 24 VDC -  W/ CAN - 1.75A -  PWR SPLY W/ BATT BACKUP - 12 / 24 VDC -  W/ CAN - AX112 - AXAL175ULX - $213.24 ,Altronix,AXAL175ULX,213.24,1.75A -  PWR SPLY W/ BATT BACKUP - 12 / 24 VDC -  W/ CAN,ALT1062
ALT1018 - POWER SUPPLY. 12VDC/4A or 24VDC/3A. 115VAC INPUT. BATTERY MONITORING. FIRE ALARM INTERFACE. - POWER SUPPLY. 12VDC/4A or 24VDC/3A. 115VAC INPUT. BATTERY MONITORING. FIRE ALARM INTERFACE. - AX139 - AXAL400ULM - $397.81 ,Altronix,AXAL400ULM,397.81,POWER SUPPLY. 12VDC/4A or 24VDC/3A. 115VAC INPUT. BATTERY MONITORING. FIRE ALARM INTERFACE.,ALT1018
ALT1005 - POWER SUPPLY -  1.2 AMP - POWER SUPPLY -  1.2 AMP - AX106 - AXAL624 - $30.27 ,Altronix,AXAL624,30.27,POWER SUPPLY -  1.2 AMP,ALT1005
ALT1012 - POWER SUPPLY -  24VAC -  4 AMP MAX OUTPUT -  OUTDOORS RATED - POWER SUPPLY -  24VAC -  4 AMP MAX OUTPUT -  OUTDOORS RATED - AX124 - AXALTV244 - $164.89 ,Altronix,AXALTV244,164.89,POWER SUPPLY -  24VAC -  4 AMP MAX OUTPUT -  OUTDOORS RATED,ALT1012
ALT1015 - AUDIO VIDEO SURFACE MOUNT DOOR STATION - AUDIO VIDEO SURFACE MOUNT DOOR STATION - AX133 - AXDV - $515.73 ,Altronix,AXDV,515.73,AUDIO VIDEO SURFACE MOUNT DOOR STATION,ALT1015
ALT1008 - 365 DAY -  24 HR. TIMER -  IN ENCLOSURE - 365 DAY -  24 HR. TIMER -  IN ENCLOSURE - AX110 - AXPT724AE - $203.14 ,Altronix,AXPT724AE,203.14,365 DAY -  24 HR. TIMER -  IN ENCLOSURE,ALT1008
ALT1007 - RELAY - 12 / 24V -  30 AMP - RELAY - 12 / 24V -  30 AMP - AX109 - AXRB-30 - $29.32 ,Altronix,AXRB-30,29.32,RELAY - 12 / 24V -  30 AMP,ALT1007
"ALT1006 - Relay Amp - 12 / 24vdc,  Relay, 5 Amp, Altronix -  DPDT - AX107 - AXRB1224 - $30.06 ",Altronix,AXRB1224,30.06,Relay Amp,ALT1006
ALT1009 - RELAY -  24VDC - RELAY -  24VDC - AX115 - AXRB524 - $28.78 ,Altronix,AXRB524,28.78,RELAY -  24VDC,ALT1009
ALT1017 - Relay Module   6/12/24 VDC  Coil Draws 25m - Relay Module   6/12/24 VDC  Coil Draws 25m - AX136 - AXRDC12 (FACTORY) - $17.98 ,Altronix,AXRDC12 (FACTORY),17.98,Relay Module   6/12/24 VDC  Coil Draws 25m,ALT1017
ALT1080 - Single-Port Adapter Kit -  25Mbps -  Simultaneous Composite Video - Single-Port Adapter Kit -  25Mbps -  Simultaneous Composite Video -  - EBRIDGE1CRT - $438.00 ,Altronix,EBRIDGE1CRT,438.0,Single-Port Adapter Kit -  25Mbps -  Simultaneous Composite Video,ALT1080
ALT1002 - EBridge Ethernet over coax set. Includes Transmitter and Receiver. - EBridge Ethernet over coax set. Includes Transmitter and Receiver. - AX EBRIDGE1PCRT - EBRIDGE1PCRT - $420.35 ,Altronix,EBRIDGE1PCRT,420.35,EBridge Ethernet over coax set. Includes Transmitter and Receiver.,ALT1002
ALT1059 - LINE CORD -  3 WIRE -  6' - LINE CORD -  3 WIRE -  6' - AX174 - LC2 - $9.22 ,Altronix,LC2,9.22,LINE CORD -  3 WIRE -  6',ALT1059
ALT1075 - Altronix LPS5C12X Linear Power Supply/Charger -  Single Class 2 Output -  AC Fail - Altronix LPS5C12X Linear Power Supply/Charger -  Single Class 2 Output -  AC Fail -  - LPS5C12X - $375.98 ,Altronix,LPS5C12X,375.98,Altronix LPS5C12X Linear Power Supply/Charger -  Single Class 2 Output -  AC Fail,ALT1075
ALT1085 - Power Distribution Unit -  UL Listed - Power Distribution Unit -  UL Listed -  - PD4UL - $41.50 ,Altronix,PD4UL,41.5,Power Distribution Unit -  UL Listed,ALT1085
ALT1058 - 8 OUTPUT POWER DISTRIBUTION MODULE - 8 OUTPUT POWER DISTRIBUTION MODULE - AX173 - PD8 - $48.03 ,Altronix,PD8,48.03,8 OUTPUT POWER DISTRIBUTION MODULE,ALT1058
ALT1029 - 365 DAY 2 CHANNEL TIMER - 365 DAY 2 CHANNEL TIMER - AX161 - PT2742 - $242.79 ,Altronix,PT2742,242.79,365 DAY 2 CHANNEL TIMER,ALT1029
ALT1035 - Digital Timer Multi-Event - Digital Timer Multi-Event - AX167 - PT724A - $160.74 ,Altronix,PT724A,160.74,Digital Timer Multi-Event,ALT1035
ALT1072 - RELAY - RELAY -  - RBR1224 - $47.82 ,Altronix,RBR1224,47.82,RELAY,ALT1072
ALT1071 - 6/12/24V RELAY MODULE DPDT - 6/12/24V RELAY MODULE DPDT -  - RBST - $18.56 ,Altronix,RBST,18.56,6/12/24V RELAY MODULE DPDT,ALT1071
ALT1074 - 4 OUTPUT CCTV POWER SUPPLY - 4 OUTPUT CCTV POWER SUPPLY -  - SAV4D - $165.85 ,Altronix,SAV4D,165.85,4 OUTPUT CCTV POWER SUPPLY,ALT1074
ALT1068 - Power Supply/Charger -  115VAC 50/60Hz at 0.95A or 230VAC 50/60Hz at 0.5A Input -  12/24VDC at 4A Output -  Grey Enclosure - Power Supply/Charger -  115VAC 50/60Hz at 0.95A or 230VAC 50/60Hz at 0.5A Input -  12/24VDC at 4A Output -  Grey Enclosure -  - SMP5CTX - $318.55 ,Altronix,SMP5CTX,318.55,Power Supply/Charger -  115VAC 50/60Hz at 0.95A or 230VAC 50/60Hz at 0.5A Input -  12/24VDC at 4A Output -  Grey Enclosure,ALT1068
ALT1086 - 1 Door High In-Rush Power Supply - 1 Door High In-Rush Power Supply -  - STRIKEIT2 - $447.42 ,Altronix,STRIKEIT2,447.42,1 Door High In-Rush Power Supply,ALT1086
ALT1082 - Altronix T2428100 Open-Frame Transformer -  24/28VAC at 100VA - Altronix T2428100 Open-Frame Transformer -  24/28VAC at 100VA -  - T2428100 - $92.50 ,Altronix,T2428100,92.5,Altronix T2428100 Open-Frame Transformer -  24/28VAC at 100VA,ALT1082
CAM1007 - MOMENTARY SWITCH -  SPDT - MOMENTARY SWITCH -  SPDT - CM109 - 1000/40 - $43.31 ,Camden Controls,1000/40,43.31,MOMENTARY SWITCH -  SPDT,CAM1007
CAM1008 - MAINTAINED SWITCH -  2 BLUE WIRES & 1 GREY WIRE. - MAINTAINED SWITCH -  2 BLUE WIRES & 1 GREY WIRE. - CM110 - 1000/45 - $43.31 ,Camden Controls,1000/45,43.31,MAINTAINED SWITCH -  2 BLUE WIRES & 1 GREY WIRE.,CAM1008
CAM1009 - WEATHERPROOF BOX WITH ON / OFF SWITCH. LESS MORTISE CYL. - WEATHERPROOF BOX WITH ON / OFF SWITCH. LESS MORTISE CYL. - CM124 - 1010 - $1.86 ,Camden Controls,1010,1.86,WEATHERPROOF BOX WITH ON / OFF SWITCH. LESS MORTISE CYL.,CAM1009
CAM1016 - 1020 Single Gang w/Surface Box -  SPDT Momentary Switch -  Brushed Aluminum Finished - 1020 Single Gang w/Surface Box -  SPDT Momentary Switch -  Brushed Aluminum Finished - CM137 - 1020 - $7.15 ,Camden Controls,1020,7.15,1020 Single Gang w/Surface Box -  SPDT Momentary Switch -  Brushed Aluminum Finished,CAM1016
CAM1021 - Wireless Keypad Battery Operated -  XMTR INCL 999 users - Wireless Keypad Battery Operated -  XMTR INCL 999 users -  - 120TX - $304.79 ,Camden Controls,120TX,304.79,Wireless Keypad Battery Operated -  XMTR INCL 999 users,CAM1021
CAM1005 - Super Mag Double Unit Outswing - Super Mag Double Unit Outswing - CM106 - 2020 - $165.53 ,Camden Controls,2020,165.53,Super Mag Double Unit Outswing,CAM1005
CAM1006 - NARROW STILE MOM SWITCH -  CRKBRZ. - NARROW STILE MOM SWITCH -  CRKBRZ. - CM107 - 2020DUR - $132.49 ,Camden Controls,2020DUR,132.49,NARROW STILE MOM SWITCH -  CRKBRZ.,CAM1006
CAM1012 - SURFACE/JAM BOX FOR 2020 SWITCH 1 5/8in DEEP. BLACK PLASTIC. - SURFACE/JAM BOX FOR 2020 SWITCH 1 5/8in DEEP. BLACK PLASTIC. - CM128 - 23D - $37.96 ,Camden Controls,23D,37.96,SURFACE/JAM BOX FOR 2020 SWITCH 1 5/8in DEEP. BLACK PLASTIC.,CAM1012
CAM1020 - Mounting Post for All-Active Switches -  42 High -  Single Gang Switch Prep -  Aluminum Finish - Mounting Post for All-Active Switches -  42 High -  Single Gang Switch Prep -  Aluminum Finish - CM001 - 42-BSU-CLR - $399.38 ,Camden Controls,42-BSU-CLR,399.38,Mounting Post for All-Active Switches -  42 High -  Single Gang Switch Prep -  Aluminum Finish,CAM1020
CAM1010 - EMERGENCY DOOR RELEASE  BLUE) - EMERGENCY DOOR RELEASE  BLUE) - CM125 - 701 - $113.82 ,Camden Controls,701,113.82,EMERGENCY DOOR RELEASE  BLUE),CAM1010
CAM1013 - BLUE -  PULL STATION FOR DOOR RELEASE. inEMERGENCY EXITin - BLUE -  PULL STATION FOR DOOR RELEASE. inEMERGENCY EXITin - CM130 - 702 - $71.92 ,Camden Controls,702,71.92,BLUE -  PULL STATION FOR DOOR RELEASE. inEMERGENCY EXITin,CAM1013
CAM1011 - Industrial Door and Gate Control -  Interior Use -  Flush Mount Key Switch -  NEMA 1 and 2 - Industrial Door and Gate Control -  Interior Use -  Flush Mount Key Switch -  NEMA 1 and 2 - CM127 - CI-1KF - $157.65 ,Camden Controls,CI-1KF,157.65,Industrial Door and Gate Control -  Interior Use -  Flush Mount Key Switch -  NEMA 1 and 2,CAM1011
CAM1047 - Single Pull Single Throw Switch - SPST Maintained Contact Switch - 6A @ 125VAC - 3A @ 30VDC - Switch Only  -  - CM-1000/35 - $25.22 ,Camden Controls,CM-1000/35,25.22,Single Pull Single Throw Switch,CAM1047
CAM1045 - Camden Single Gang Momentary Keyswitch - Camden Single Gang Momentary Keyswitch -  - CM-1120 - $117.71 ,Camden Controls,CM-1120,117.71,Camden Single Gang Momentary Keyswitch,CAM1045
CAM1004 - CAMDEN SWITCH N/O CONTACTS - CAMDEN SWITCH N/O CONTACTS - CM105 - CM-1120 - $117.71 ,Camden Controls,CM-1120,117.71,CAMDEN SWITCH N/O CONTACTS,CAM1004
"CAM1044 - Keyswitch -  Satin Aluminum - Single Gang Keyswitch, SPDT N.O & N.C Maintained, 12/24V, Satin Aluminum -  - CM-1130 - $112.00 ",Camden Controls,CM-1130,112.0,Keyswitch -  Satin Aluminum,CAM1044
CAM1043 - Keypad -  Indoor 12/24V Standalone or Wiegand Flush Mount -  Satin Stainless - Keypad -  Indoor 12/24V Standalone or Wiegand Flush Mount -  Satin Stainless -  - CM-120I - $140.00 ,Camden Controls,CM-120I,140.0,Keypad -  Indoor 12/24V Standalone or Wiegand Flush Mount -  Satin Stainless,CAM1043
CAM1039 - Battery Operated Wireless Keypad -  Vandal & Weather Resistant -  Single Gang -  Satin Stainless Steel - Battery Operated Wireless Keypad -  Vandal & Weather Resistant -  Single Gang -  Satin Stainless Steel -  - CM-120TX - $300.00 ,Camden Controls,CM-120TX,300.0,Battery Operated Wireless Keypad -  Vandal & Weather Resistant -  Single Gang -  Satin Stainless Steel,CAM1039
CAM1026 - Narrow Jamb Surface Mount Box -  Flame/Impact Resistant -  Extra Deep -  Not Compatible with CM-333 Touchless Switches -  Black Finish - Narrow Jamb Surface Mount Box -  Flame/Impact Resistant -  Extra Deep -  Not Compatible with CM-333 Touchless Switches -  Black Finish -  - CM-23D - $31.53 ,Camden Controls,CM-23D,31.53,Narrow Jamb Surface Mount Box -  Flame/Impact Resistant -  Extra Deep -  Not Compatible with CM-333 Touchless Switches -  Black Finish,CAM1026
CAM1028 - CAMDEN NRW JMB MNT W/HNDCP LGO - CAMDEN NRW JMB MNT W/HNDCP LGO -  - CM-25/4 - $74.62 ,Camden Controls,CM-25/4,74.62,CAMDEN NRW JMB MNT W/HNDCP LGO,CAM1028
CAM1034 - LED Illuminated Pushbutton -  Single Gang -  2in Button -  Push To Exit Text -  Satin Stainless Steel - LED Illuminated Pushbutton -  Single Gang -  2in Button -  Push To Exit Text -  Satin Stainless Steel -  - CM-30E - $52.00 ,Camden Controls,CM-30E,52.0,LED Illuminated Pushbutton -  Single Gang -  2in Button -  Push To Exit Text -  Satin Stainless Steel,CAM1034
CAM1029 - 2 SQ PUSHBUTTON WITH 30 SEC TIMER - 2 SQ PUSHBUTTON WITH 30 SEC TIMER -  - CM-30EE - $162.91 ,Camden Controls,CM-30EE,162.91,2 SQ PUSHBUTTON WITH 30 SEC TIMER,CAM1029
CAM1024 - SureWave CM-330 Series Touchless Switch -  1 to 12 Range -  Built-In Lazerpoint Wireless Transmitter -  Narrow Stainless Steel Hand Icon/'Wave to Open' Text/Wheelchair Symbol Faceplate -  Includes 2 'AA' Alkaline Batteries -  Stainless Steel Finish - SureWave CM-330 Series Touchless Switch -  1 to 12 Range -  Built-In Lazerpoint Wireless Transmitter -  Narrow Stainless Steel Hand Icon/'Wave to Open' Text/Wheelchair Symbol Faceplate -  Includes 2 'AA' Alkaline Batteries -  Stainless Steel Finish -  - CM-330/42SN - $262.75 ,Camden Controls,CM-330/42SN,262.75,SureWave CM-330 Series Touchless Switch -  1 to 12 Range -  Built-In Lazerpoint Wireless Transmitter -  Narrow Stainless Steel Hand Icon/'Wave to Open' Text/Wheelchair Symbol Faceplate -  Includes 2 'AA' Alkaline Batteries -  Stainless Steel Finish,CAM1024
CAM1025 - SureWave CM-331 Series Touchless Switch -  1 to 28 Range -  1 Relay -  Narrow Stainless Steel Hand Icon/'Wave to Open' Text/Wheelchair Symbol Faceplate -  Stainless Steel Finish - SureWave CM-331 Series Touchless Switch -  1 to 28 Range -  1 Relay -  Narrow Stainless Steel Hand Icon/'Wave to Open' Text/Wheelchair Symbol Faceplate -  Stainless Steel Finish -  - CM-331/42SN - $241.73 ,Camden Controls,CM-331/42SN,241.73,SureWave CM-331 Series Touchless Switch -  1 to 28 Range -  1 Relay -  Narrow Stainless Steel Hand Icon/'Wave to Open' Text/Wheelchair Symbol Faceplate -  Stainless Steel Finish,CAM1025
CAM1030 - BATTERY PWD -  (1) RELAY HANDS-FREE SWITCH - BATTERY PWD -  (1) RELAY HANDS-FREE SWITCH -  - CM-333/42S - $231.22 ,Camden Controls,CM-333/42S,231.22,BATTERY PWD -  (1) RELAY HANDS-FREE SWITCH,CAM1030
CAM1031 - Hybrid Battery Powered Touchless Switch -  1 Wired Relay -  CM-TX99 Wireless Transmitter -  Wave to Open & Wheelchair Symbol -  Double Gang Faceplate - Hybrid Battery Powered Touchless Switch -  1 Wired Relay -  CM-TX99 Wireless Transmitter -  Wave to Open & Wheelchair Symbol -  Double Gang Faceplate -  - CM-333/42SW - $231.22 ,Camden Controls,CM-333/42SW,231.22,Hybrid Battery Powered Touchless Switch -  1 Wired Relay -  CM-TX99 Wireless Transmitter -  Wave to Open & Wheelchair Symbol -  Double Gang Faceplate,CAM1031
CAM1036 - Black -  Single Gang -  Wave Sensor - Black -  Single Gang -  Wave Sensor -  - CM-336 - $200.00 ,Camden Controls,CM-336,200.0,Black -  Single Gang -  Wave Sensor,CAM1036
"CAM1063 - SureWave Wireless No-Touch Switch -  Double Gang Faceplate -  Stainless Steel -  'Wave To Open' Graphics - SureWave Wireless No-Touch Switch, Double Gang Faceplate, Stainless Steel, 'Wave To Open' Graphics -  - CM-336/41SW - $262.75 ",Camden Controls,CM-336/41SW,262.75,SureWave Wireless No-Touch Switch -  Double Gang Faceplate -  Stainless Steel -  'Wave To Open' Graphics,CAM1063
"CAM1060 - SureWave Wireless No-Touch Switch -  6in Round -  Stainless Steel -  'Wave To Open' Graphic - SureWave Wireless No-Touch Switch, 6in Round, Stainless Steel, 'Wave To Open' Graphic -  - CM-336/42R - $262.75 ",Camden Controls,CM-336/42R,262.75,SureWave Wireless No-Touch Switch -  6in Round -  Stainless Steel -  'Wave To Open' Graphic,CAM1060
CAM1041 - Single Gang Surface Mount Box -  Flame/Impact Resistant -  Black Finish - Single Gang Surface Mount Box -  Flame/Impact Resistant -  Black Finish -  - CM-34BL - $30.00 ,Camden Controls,CM-34BL,30.0,Single Gang Surface Mount Box -  Flame/Impact Resistant -  Black Finish,CAM1041
"CAM1054 - 4.5 Round Switch w/Handicap & Push to Open Symbol -  SPDT Relay - 4.5"" Round Switch w/Handicap & Push to Open Symbol, SPDT Relay -  - CM-40/4 - $85.13 ",Camden Controls,CM-40/4,85.13,4.5 Round Switch w/Handicap & Push to Open Symbol -  SPDT Relay,CAM1054
"CAM1055 - 4.5 Round Switch w/Handicap & Push to Open -  Weather Tight - 4.5 Round Switch w/Handicap & Push to Open, Weather Tight -  - CM-40/4-WT - $126.12 ",Camden Controls,CM-40/4-WT,126.12,4.5 Round Switch w/Handicap & Push to Open -  Weather Tight,CAM1055
CAM1002 - 42 Tall Mounting Post -  Single Gang Prep -  36 Switch Height -  Dark Bronze Anodized Aluminum Finish - 42 Tall Mounting Post -  Single Gang Prep -  36 Switch Height -  Dark Bronze Anodized Aluminum Finish - CD124 - CM-42-BSU-BRZ - $440.00 ,Camden Controls,CM-42-BSU-BRZ,440.0,42 Tall Mounting Post -  Single Gang Prep -  36 Switch Height -  Dark Bronze Anodized Aluminum Finish,CAM1002
CAM1040 - Tall Mounting Post - Clear Aluminum - Tall Mounting Post 42in - Single Gang Prep - 36in Switch Height - Camden -  Clear Aluminum -  - CM-42-BSU-CLR - $440.00 ,Camden Controls,CM-42-BSU-CLR,440.0,Tall Mounting Post - Clear Aluminum,CAM1040
CAM1046 - 42in Tall Mounting Post -  No Switch Prep -  36in Switch Height -  Dark Bronze - 42in Tall Mounting Post -  No Switch Prep -  36in Switch Height -  Dark Bronze -  - CM-42-CSU-BRZ - $440.00 ,Camden Controls,CM-42-CSU-BRZ,440.0,42in Tall Mounting Post -  No Switch Prep -  36in Switch Height -  Dark Bronze,CAM1046
CAM1035 - 42in Tall Mounting Post -  No Switch Prep -  36in Switch Height -  Clear Aluminum - 42in Tall Mounting Post -  No Switch Prep -  36in Switch Height -  Clear Aluminum -  - CM-42-CSU-CLR - $440.00 ,Camden Controls,CM-42-CSU-CLR,440.0,42in Tall Mounting Post -  No Switch Prep -  36in Switch Height -  Clear Aluminum,CAM1035
CAM1015 - CAMDEN RED MUSHROOM BUTTON PUSH TO EXIT - CAMDEN RED MUSHROOM BUTTON PUSH TO EXIT - CM136 - CM-420RPTE - $115.61 ,Camden Controls,CM-420RPTE,115.61,CAMDEN RED MUSHROOM BUTTON PUSH TO EXIT,CAM1015
CAM1048 - Plastic Mounting Box - Plastic Mounting Box -  - CM-43CBL - $31.53 ,Camden Controls,CM-43CBL,31.53,Plastic Mounting Box,CAM1048
"CAM1064 - Surface Mounting Box -  Flame/Impact Resistant -  4-1/2W X 4-1/2H X 2D - Surface Mounting Box, Flame/Impact Resistant, 4-1/2""W X 4-1/2""H X 2""D -  - CM-43CBLA - $44.14 ",Camden Controls,CM-43CBLA,44.14,Surface Mounting Box -  Flame/Impact Resistant -  4-1/2W X 4-1/2H X 2D,CAM1064
"CAM1056 - 4.5 Square Push Plate Switch -  Concealed Screws -  SPDT Relay -  Handicap & Push to Open Symbol -  Satin Stainless Steel - 4.5"" Square Push Plate Switch, Concealed Screws, SPDT Relay, Handicap & Push to Open Symbol, Satin Stainless Steel -  - CM-45/4 - $90.39 ",Camden Controls,CM-45/4,90.39,4.5 Square Push Plate Switch -  Concealed Screws -  SPDT Relay -  Handicap & Push to Open Symbol -  Satin Stainless Steel,CAM1056
"CAM1057 - 4.5 Square Push Plate Switch -  Concealed Screws -  SPDT Relay -  Handicap & Push to Open Symbol -  Weather Tight -  Satin Stainless Steel - 4.5 Square Push Plate Switch -  Concealed Screws -  SPDT Relay -  Handicap & Push to Open Symbol -  Weather Tight, Satin Stainless Steel -  - CM-45/4-WT - $126.12 ",Camden Controls,CM-45/4-WT,126.12,4.5 Square Push Plate Switch -  Concealed Screws -  SPDT Relay -  Handicap & Push to Open Symbol -  Weather Tight -  Satin Stainless Steel,CAM1057
"CAM1049 - 4 Round Surface Mount Box - 4"" Round Surface Mount Box -  - CM-47S - $44.14 ",Camden Controls,CM-47S,44.14,4 Round Surface Mount Box,CAM1049
"CAM1058 - 6in Round Switch w/Handicap & Push to Open Symbol -  SPDT Relay -  Satin Stainless Steel - 6"" Round Switch w/Handicap & Push to Open Symbol, SPDT Relay, Satin Stainless Steel -  - CM-60/4 - $90.39 ",Camden Controls,CM-60/4,90.39,6in Round Switch w/Handicap & Push to Open Symbol -  SPDT Relay -  Satin Stainless Steel,CAM1058
"CAM1059 - 6in Round Switch w/Handicap & Push to Open Symbol -  SPDT Relay -  Weather Tight -  Satin Stainless Steel - 6in Round Switch w/Handicap & Push to Open Symbol -  SPDT Relay -  Weather Tight, Satin Stainless Steel -  - CM-60/4-WT - $126.12 ",Camden Controls,CM-60/4-WT,126.12,6in Round Switch w/Handicap & Push to Open Symbol -  SPDT Relay -  Weather Tight -  Satin Stainless Steel,CAM1059
CAM1014 - Red Locking Mushroom Switch - Red Locking Mushroom Switch - CM135 - CM-6030 - $183.93 ,Camden Controls,CM-6030,183.93,Red Locking Mushroom Switch,CAM1014
"CAM1050 - 6 Round Surface Mount Enclosure  - 6"" Round Surface Mount Enclosure -  - CM-69S - $48.35 ",Camden Controls,CM-69S,48.35,6 Round Surface Mount Enclosure ,CAM1050
"CAM1061 - Round Mounting Box -  Surface -  Extra Deep -  For Kinetic CM-60K Series Push Plates - Round Mounting Box, Surface, Extra Deep, For Kinetic CM-60K Series Push Plates -  - CM-69SER - $63.06 ",Camden Controls,CM-69SER,63.06,Round Mounting Box -  Surface -  Extra Deep -  For Kinetic CM-60K Series Push Plates,CAM1061
CAM1032 - Camden CM-701U Blue Pull Station -  Universal -  w/ 5 Eng. -  Fr. & Sp. Message Labels - Camden CM-701U Blue Pull Station -  Universal -  w/ 5 Eng. -  Fr. & Sp. Message Labels -  - CM-701U - $49.58 ,Camden Controls,CM-701U,49.58,Camden CM-701U Blue Pull Station -  Universal -  w/ 5 Eng. -  Fr. & Sp. Message Labels,CAM1032
CAM1062 - Full Function Dual Relay Receiver - Full Function Dual Relay Receiver -  - CM-RX-92 - $136.63 ,Camden Controls,CM-RX-92,136.63,Full Function Dual Relay Receiver,CAM1062
CAM1038 - Advanced 1 Relay Receiver -  Kinetic/Lazerpoint - Advanced 1 Relay Receiver -  Kinetic/Lazerpoint -  - CM-RX90 - $88.00 ,Camden Controls,CM-RX90,88.0,Advanced 1 Relay Receiver -  Kinetic/Lazerpoint,CAM1038
"CAM1053 - Advanced 1 Channel Receiver -  915MHz - Advanced 1 Channel Receiver, 915MHz -  - CM-RX90 - $94.59 ",Camden Controls,CM-RX90,94.59,Advanced 1 Channel Receiver -  915MHz,CAM1053
CAM1037 - Camden Relay receiver -  12/24VAC/DC - Camden Relay receiver -  12/24VAC/DC -  - CM-RX92 - $130.00 ,Camden Controls,CM-RX92,130.0,Camden Relay receiver -  12/24VAC/DC,CAM1037
CAM1042 - Lazer point wall switch transmitter 915 mhz - Lazer point wall switch transmitter 915 mhz -  - CM-TX-9 - $75.00 ,Camden Controls,CM-TX-9,75.0,Lazer point wall switch transmitter 915 mhz,CAM1042
CAM1000 - SS SLEAVE FOR 4X4 BOX - SS SLEAVE FOR 4X4 BOX - CD122 - CM67 - $33.13 ,Camden Controls,CM67,33.13,SS SLEAVE FOR 4X4 BOX,CAM1000
CAM1001 - SHALOW SURFACEMOUNT KIT FOR 60/65 SERIES BUTTON - AL - SHALOW SURFACEMOUNT KIT FOR 60/65 SERIES BUTTON - AL - CD123 - CM68AL - $33.13 ,Camden Controls,CM68AL,33.13,SHALOW SURFACEMOUNT KIT FOR 60/65 SERIES BUTTON - AL,CAM1001
CAM1019 - Camden Blue -  Emergency Pull for Door Release - Camden Blue -  Emergency Pull for Door Release - CM002 - CMD CM-703 - $80.18 ,Camden Controls,CMD CM-703,80.18,Camden Blue -  Emergency Pull for Door Release,CAM1019
CAM1033 - 7 Day Timer -  12VDC -  Internal Memory Backup -  SPDT Relay - 7 Day Timer -  12VDC -  Internal Memory Backup -  SPDT Relay -  - CX-247-12 - $90.39 ,Camden Controls,CX-247-12,90.39,7 Day Timer -  12VDC -  Internal Memory Backup -  SPDT Relay,CAM1033
"CAM1051 - Grade 1 Electric Strike -  12/24 VDC -  Fail Safe/Fail Secure -  Satin Stainless Steel - Grade 1 Electric Strike, 12/24 VDC, Fail Safe/Fail Secure, Satin Stainless Steel -  - CX-ED1079 - $199.69 ",Camden Controls,CX-ED1079,199.69,Grade 1 Electric Strike -  12/24 VDC -  Fail Safe/Fail Secure -  Satin Stainless Steel,CAM1051
"CAM1052 - Grade 1 Surface Mount Electric Rim Strike -  12/24 VDC -  Fail Safe/Fail Secure -  Plug In Latch Monitor Assembly -  Satin Stainless Steel - Grade 1 Surface Mount Electric Rim Strike, 12/24 VDC, Fail Safe/Fail Secure, Plug In Latch Monitor Assembly, Satin Stainless Steel -  - CX-EPD1289L - $551.78 ",Camden Controls,CX-EPD1289L,551.78,Grade 1 Surface Mount Electric Rim Strike -  12/24 VDC -  Fail Safe/Fail Secure -  Plug In Latch Monitor Assembly -  Satin Stainless Steel,CAM1052
CAM1003 - CONCEALED POWER TRANSFER. - CONCEALED POWER TRANSFER. - CM104 - PT516M - $55.39 ,Camden Controls,PT516M,55.39,CONCEALED POWER TRANSFER.,CAM1003
CAM1023 - 1 Relay Wireless Receiver 12/24 VAC/DC - 1 Relay Wireless Receiver 12/24 VAC/DC -  - RX91 - $84.08 ,Camden Controls,RX91,84.08,1 Relay Wireless Receiver 12/24 VAC/DC,CAM1023
CAM1027 - 2 Relay Wireless Receiver -  12/24VAC/DC - 2 Relay Wireless Receiver -  12/24VAC/DC -  - RX92 - $126.12 ,Camden Controls,RX92,126.12,2 Relay Wireless Receiver -  12/24VAC/DC,CAM1027
CAM1022 - Wall Switch Transmitter for Camden Door Controls - Wall Switch Transmitter for Camden Door Controls -  - TX-9 - $73.57 ,Camden Controls,TX-9,73.57,Wall Switch Transmitter for Camden Door Controls,CAM1022
ELK1008 - Transformer 16.5VAC -  45VA -  Auto-Reset with Ground - Transformer 16.5VAC -  45VA -  Auto-Reset with Ground -  - 1640G-ELK - $25.00 ,Elk,1640G-ELK,25.0,Transformer 16.5VAC -  45VA -  Auto-Reset with Ground,ELK1008
ELK1002 - Sgl Gang Plate W/2 Bicolor Led - Sgl Gang Plate W/2 Bicolor Led - ELK003 - 6020 - $150.00 ,Elk,6020,150.0,Sgl Gang Plate W/2 Bicolor Led,ELK1002
"ELK1009 - ELK 924 Sensitive Relay -  DPDT -  12/24VDC - ELK 924 Sensitive Relay, DPDT, 12/24VDC -  - 924 - $26.28 ",Elk,924,26.28,ELK 924 Sensitive Relay -  DPDT -  12/24VDC,ELK1009
ELK1007 - Relay 4-Pack -  DPDT -  12/24V - Relay 4-Pack -  DPDT -  12/24V -  - 9244 - $99.35 ,Elk,9244,99.35,Relay 4-Pack -  DPDT -  12/24V,ELK1007
ELK1005 - White B Connectors GEL (500 per package) - White B Connectors GEL (500 per package) - ELK007 - ELK 9022 - $87.50 ,Elk,ELK 9022,87.5,White B Connectors GEL (500 per package),ELK1005
ELK1006 - Battery Life Tester - Battery Life Tester - ELK008 - ELK-BLT - $312.00 ,Elk,ELK-BLT,312.0,Battery Life Tester,ELK1006
ELK1003 - Ethernet Port from Data Bus Expander/Interface - Ethernet Port from Data Bus Expander/Interface - ELK004 - M1 XEP - $380.22 ,Elk,M1 XEP,380.22,Ethernet Port from Data Bus Expander/Interface,ELK1003
ELK1000 - EZ8 Control Kit w/ Enclosure and M1KP LCD Kepad - EZ8 Control Kit w/ Enclosure and M1KP LCD Kepad - ELK001 - M1EZ8KB - $871.70 ,Elk,M1EZ8KB,871.7,EZ8 Control Kit w/ Enclosure and M1KP LCD Kepad,ELK1000
ELK1004 - Serial Interface -  Supplies -  RS232 Port - Serial Interface -  Supplies -  RS232 Port - ELK005 - M1EZ8MSI - $93.68 ,Elk,M1EZ8MSI,93.68,Serial Interface -  Supplies -  RS232 Port,ELK1004
ELK1001 - Two-Way Wireless Starter Kit - Two-Way Wireless Starter Kit - ELK002 - M1XRFTWKIT - $600.08 ,Elk,M1XRFTWKIT,600.08,Two-Way Wireless Starter Kit,ELK1001
LAR1000 - Cherrry switch -  DPDT - Cherrry switch -  DPDT -  - 212219 - $10.00 ,Larco,212219,10.0,Cherrry switch -  DPDT,LAR1000
LAR1010 - 300 MHz Replacement Transmitter - 300 MHz Replacement Transmitter -  - 216546 - $98.00 ,Larco,216546,98.0,300 MHz Replacement Transmitter,LAR1010
LAR1003 - 4 1/2 Universal Adapter Plate -  4 1/2 Square Switch - 4 1/2 Universal Adapter Plate -  4 1/2 Square Switch -  - 232481 - $16.75 ,Larco,232481,16.75,4 1/2 Universal Adapter Plate -  4 1/2 Square Switch,LAR1003
LAR1002 - 4 1/2 Universal Adapter Plate -  4 1/2 Round Switch - 4 1/2 Universal Adapter Plate -  4 1/2 Round Switch -  - 232483 - $16.75 ,Larco,232483,16.75,4 1/2 Universal Adapter Plate -  4 1/2 Round Switch,LAR1002
"LAR1015 - 433 MHz Receiver - 433 MHz Receiver, Larco -  - 233804 - $75.00 ",Larco,233804,75.0,433 MHz Receiver,LAR1015
LAR1013 - Single Channel 433 MHz Hand-Held Transmitter - Single Channel 433 MHz Hand-Held Transmitter -  - 234465 - $138.00 ,Larco,234465,138.0,Single Channel 433 MHz Hand-Held Transmitter,LAR1013
LAR1087 - Transmitter -  2-Channel 433MHz - Transmitter -  2-Channel 433MHz -  - 234467 - $136.63 ,Larco,234467,136.63,Transmitter -  2-Channel 433MHz,LAR1087
"LAR1011 - Ultra-Small Replacement Transmitter - 433 MHz Ultra-Small Replacement TX With Push-On Terminals, Larco -  - 234475 - $61.00 ",Larco,234475,61.0,Ultra-Small Replacement Transmitter,LAR1011
LAR1012 - Dual Channel 433 MHz Key Fob Transmitter - Dual Channel 433 MHz Key Fob Transmitter -  - 234518 - $61.00 ,Larco,234518,61.0,Dual Channel 433 MHz Key Fob Transmitter,LAR1012
LAR1005 - Bollard Post Assy Clear HW (4x6x40) - Bollard Post Assy Clear HW (4x6x40) -  - 23498700 - $707.00 ,Larco,23498700,707.0,Bollard Post Assy Clear HW (4x6x40),LAR1005
LAR1006 - Bollard Post Assy Bronze HW (4x6x40) - Bollard Post Assy Bronze HW (4x6x40) -  - 23498713 - $490.00 ,Larco,23498713,490.0,Bollard Post Assy Bronze HW (4x6x40),LAR1006
LAR1014 - Vestibule Sequencer - 433 MHz Vestibule Sequencer -  - 235215 - $87.00 ,Larco,235215,87.0,Vestibule Sequencer,LAR1014
LAR1007 - U-WAV Touchless Sensor/Switch - Gray - U-WAV Touchless Sensor/Switch - Gray -  - 33681700 - $235.00 ,Larco,33681700,235.0,U-WAV Touchless Sensor/Switch - Gray,LAR1007
LAR1008 - U-WAV Touchless Sensor/Switch - Black - U-WAV Touchless Sensor/Switch - Black -  - 33681711 - $235.00 ,Larco,33681711,235.0,U-WAV Touchless Sensor/Switch - Black,LAR1008
LAR1009 - U-WAV Touchless Sensor/Switch - White - U-WAV Touchless Sensor/Switch - White -  - 33681720 - $235.00 ,Larco,33681720,235.0,U-WAV Touchless Sensor/Switch - White,LAR1009
LAR1004 - 4 1/2 Round Adapter Plate -  4 1/2 Round Switch - 4 1/2 Round Adapter Plate -  4 1/2 Round Switch -  - 339609 - $16.75 ,Larco,339609,16.75,4 1/2 Round Adapter Plate -  4 1/2 Round Switch,LAR1004
"LAR1088 - Press to Open Switch - Double Switch - Jamb Size - Plus Transmitter - (2) Jamb Switches ""HPTO"" LH-RH 4Â½"" Box + 433 MHz TX -  - 4J45U4 - $419.35 ",Larco,4J45U4,419.35,Press to Open Switch - Double Switch - Jamb Size - Plus Transmitter,LAR1088
LAR1086 - Wall Switch Assembly -  4.5in Dual JS -   HPTO - Wall Switch Assembly -  4.5in Dual JS -   HPTO -  - 4J45UO - $290.00 ,Larco,4J45UO,290.0,Wall Switch Assembly -  4.5in Dual JS -   HPTO,LAR1086
LAR1071 - 4 1/2 Round HPTO - 4 1/2 Round HPTO -  - 4R1 - $64.00 ,Larco,4R1,64.0,4 1/2 Round HPTO,LAR1071
LAR1065 - 4 1/2 Round HPTO - 4 1/2 Round HPTO -  - 4R1A - $64.00 ,Larco,4R1A,64.0,4 1/2 Round HPTO,LAR1065
LAR1067 - 4 1/2 Round HPTO w/Round Box - 4 1/2 Round HPTO w/Round Box -  - 4R1R0 - $96.00 ,Larco,4R1R0,96.0,4 1/2 Round HPTO w/Round Box,LAR1067
LAR1063 - 4 1/2 Round HPTO w/Round Box + 433 MHz TX - 4 1/2 Round HPTO w/Round Box + 433 MHz TX -  - 4R1R4 - $158.00 ,Larco,4R1R4,158.0,4 1/2 Round HPTO w/Round Box + 433 MHz TX,LAR1063
LAR1073 - 4 1/2 Round HPTO w/Universal Box - 4 1/2 Round HPTO w/Universal Box -  - 4R1U0 - $96.00 ,Larco,4R1U0,96.0,4 1/2 Round HPTO w/Universal Box,LAR1073
"LAR1069 - Round HPTO w/Universal Box - 4 1/2 Round HPTO w/Universal Box + 433 MHz TX, Larco -  - 4R1U4 - $158.00 ",Larco,4R1U4,158.0,Round HPTO w/Universal Box,LAR1069
LAR1085 - Wireless Wall Switch -  4.5in Round -  433MHZ -  RH Arrow - Wireless Wall Switch -  4.5in Round -  433MHZ -  RH Arrow -  - 4R4U4 - $215.08 ,Larco,4R4U4,215.085,Wireless Wall Switch -  4.5in Round -  433MHZ -  RH Arrow,LAR1085
LAR1081 - 4 1/2 Round HPTO -  LH - 4 1/2 Round HPTO -  LH -  - 4R5 - $88.28 ,Larco,4R5,88.28,4 1/2 Round HPTO -  LH,LAR1081
LAR1084 - Wireless Wall Switch -  4.5in Round -  433MHZ -  LH Arrow - Wireless Wall Switch -  4.5in Round -  433MHZ -  LH Arrow -  - 4R5U4 - $215.08 ,Larco,4R5U4,215.085,Wireless Wall Switch -  4.5in Round -  433MHZ -  LH Arrow,LAR1084
LAR1075 - 4 1/2 Square HPTO - 4 1/2 Square HPTO -  - 4S1 - $64.00 ,Larco,4S1,64.0,4 1/2 Square HPTO,LAR1075
LAR1077 - 4 1/2 Square HPTO w/Universal Box - 4 1/2 Square HPTO w/Universal Box -  - 4S1U0 - $96.00 ,Larco,4S1U0,96.0,4 1/2 Square HPTO w/Universal Box,LAR1077
LAR1079 - 4 1/2   Box  Press To Open Button - 4 1/2 Square HPTO w/Universal Box + 433 MHz TX -  - 4S1U4 - $158.00 ,Larco,4S1U4,158.0,4 1/2   Box  Press To Open Button,LAR1079
LAR1089 - 4-1/2in Box with Transmitter - PTO - 4-1/2in Box with Transmitter - PTO -  - 4S2U4 - $166.06 ,Larco,4S2U4,166.06,4-1/2in Box with Transmitter - PTO,LAR1089
LAR1043 - 6in Round PTO - 6in Round PTO -  - 6R1 - $64.00 ,Larco,6R1,64.0,6in Round PTO,LAR1043
"LAR1090 - Round HTPO Button with Round Box - 6"" Round ""HPTO""  -  - 6R1A  - $112.46 ",Larco,6R1A ,112.46,Round HTPO Button with Round Box,LAR1090
LAR1039 - 6in Round HPTO w/Round Box - 6in Round HPTO w/Round Box -  - 6R1R0 - $96.00 ,Larco,6R1R0,96.0,6in Round HPTO w/Round Box,LAR1039
LAR1035 - 6in Round HPTO w/Round Box + 433 MHz TX - 6in Round HPTO w/Round Box + 433 MHz TX -  - 6R1R4 - $158.00 ,Larco,6R1R4,158.0,6in Round HPTO w/Round Box + 433 MHz TX,LAR1035
LAR1037 - 6in Round HPTO - 6in Round HPTO -  - 6R1RA - $64.00 ,Larco,6R1RA,64.0,6in Round HPTO,LAR1037
LAR1045 - 6in Round HPTO w/Universal Box - 6in Round HPTO w/Universal Box -  - 6R1U0 - $96.00 ,Larco,6R1U0,96.0,6in Round HPTO w/Universal Box,LAR1045
LAR1041 - 6in Round HPTO w/Universal Box + 433 MHz TX - 6in Round HPTO w/Universal Box + 433 MHz TX -  - 6R1U4 - $158.00 ,Larco,6R1U4,158.0,6in Round HPTO w/Universal Box + 433 MHz TX,LAR1041
LAR1049 - 6  Square HPTO - 6  Square HPTO -  - 6S1 - $64.00 ,Larco,6S1,64.0,6  Square HPTO,LAR1049
LAR1051 - 6 Square HPTO w/Universal Box - 6 Square HPTO w/Universal Box -  - 6S1U0 - $96.00 ,Larco,6S1U0,96.0,6 Square HPTO w/Universal Box,LAR1051
LAR1047 - 6 Square plain w/Universal Box + 433 MHz TXz - 6 Square plain w/Universal Box + 433 MHz TXz -  - 6S1U4 - $158.00 ,Larco,6S1U4,158.0,6 Square plain w/Universal Box + 433 MHz TXz,LAR1047
LAR1055 - Copper 4 1/2 Square HPTO w/Universal Box - Copper 4 1/2 Square HPTO w/Universal Box -  - C4 S1U0 - $136.00 ,Larco,C4 S1U0,136.0,Copper 4 1/2 Square HPTO w/Universal Box,LAR1055
LAR1057 - Copper 4 1/2 Round HPTO - Copper 4 1/2 Round HPTO -  - C4R1A - $104.00 ,Larco,C4R1A,104.0,Copper 4 1/2 Round HPTO,LAR1057
LAR1059 - Copper 4 1/2 Round HPTO w/Round Box - Copper 4 1/2 Round HPTO w/Round Box -  - C4R1AR0 - $136.00 ,Larco,C4R1AR0,136.0,Copper 4 1/2 Round HPTO w/Round Box,LAR1059
LAR1061 - Copper 4 1/2 Round HPTO w/Round Box + 433 MHz TX - Copper 4 1/2 Round HPTO w/Round Box + 433 MHz TX -  - C4R1R4 - $184.00 ,Larco,C4R1R4,184.0,Copper 4 1/2 Round HPTO w/Round Box + 433 MHz TX,LAR1061
LAR1053 - Copper 4 1/2 Square HPTO - Copper 4 1/2 Square HPTO -  - C4S1 - $104.00 ,Larco,C4S1,104.0,Copper 4 1/2 Square HPTO,LAR1053
LAR1029 - Copper 6in Round HPTO - Copper 6in Round HPTO -  - C6R1A - $104.00 ,Larco,C6R1A,104.0,Copper 6in Round HPTO,LAR1029
LAR1031 - Copper 6in Round HPTO w/Round Box - Copper 6in Round HPTO w/Round Box -  - C6R1R0 - $136.00 ,Larco,C6R1R0,136.0,Copper 6in Round HPTO w/Round Box,LAR1031
LAR1033 - Copper 6in Round HPTO w/Round Box + 433 MHz TX - Copper 6in Round HPTO w/Round Box + 433 MHz TX -  - C6R1R4 - $184.00 ,Larco,C6R1R4,184.0,Copper 6in Round HPTO w/Round Box + 433 MHz TX,LAR1033
LAR1023 - Copper 6in Square HPTO - Copper 6in Square HPTO -  - C6S1 - $104.00 ,Larco,C6S1,104.0,Copper 6in Square HPTO,LAR1023
LAR1025 - Copper 6in Square HPTO w /Universal Box - Copper 6in Square HPTO w /Universal Box -  - C6S1U0 - $136.00 ,Larco,C6S1U0,136.0,Copper 6in Square HPTO w /Universal Box,LAR1025
LAR1027 - Copper 6in Square HPTO w /Universal Box + 433 MHz TX - Copper 6in Square HPTO w /Universal Box + 433 MHz TX -  - C6S1U4 - $198.00 ,Larco,C6S1U4,198.0,Copper 6in Square HPTO w /Universal Box + 433 MHz TX,LAR1027
LAR1083 - Jamb Switch Deluxe -  Plain - Jamb Switch Deluxe -  Plain -  - J00 - $75.00 ,Larco,J00,75.0,Jamb Switch Deluxe -  Plain,LAR1083
LAR1020 - Jamb Switch HPTO - Jamb Switch HPTO -  - J01 - $64.00 ,Larco,J01,64.0,Jamb Switch HPTO,LAR1020
LAR1018 - Jamb Switch HPTO w/box - Jamb Switch HPTO w/box -  - J01J0 - $76.00 ,Larco,J01J0,76.0,Jamb Switch HPTO w/box,LAR1018
"LAR1016 - Jamb Switch HPTO w/box - Jamb Switch HPTO w/box + 433 MHz TX, Larco -  - J01J4 - $124.00 ",Larco,J01J4,124.0,Jamb Switch HPTO w/box,LAR1016
LAR1021 - Jamb Switch HPTO (with transmitter switch) - Jamb Switch HPTO (with transmitter switch) -  - J01TX - $72.00 ,Larco,J01TX,72.0,Jamb Switch HPTO (with transmitter switch),LAR1021
LAR1022 - Jamb Switch Box (no switch) - Jamb Switch Box (no switch) -  - JJ0 - $18.00 ,Larco,JJ0,18.0,Jamb Switch Box (no switch),LAR1022
LAR1001 - weatherproofing option - weatherproofing option -  - W - $24.00 ,Larco,W,24.0,weatherproofing option,LAR1001
LAR1072 - Weatherproof 4 1/2 Round HPTO - Weatherproof 4 1/2 Round HPTO -  - W4R1 - $88.00 ,Larco,W4R1,88.0,Weatherproof 4 1/2 Round HPTO,LAR1072
LAR1066 - Weatherproof 4 1/2 Round HPTO - Weatherproof 4 1/2 Round HPTO -  - W4R1A - $88.00 ,Larco,W4R1A,88.0,Weatherproof 4 1/2 Round HPTO,LAR1066
LAR1068 - Weatherproof 4 1/2 Round HPTO w/Round Box - Weatherproof 4 1/2 Round HPTO w/Round Box -  - W4R1R0 - $120.00 ,Larco,W4R1R0,120.0,Weatherproof 4 1/2 Round HPTO w/Round Box,LAR1068
LAR1064 - Weatherproof 4 1/2 Round HPTO w/Round Box + 433 MHz TX - Weatherproof 4 1/2 Round HPTO w/Round Box + 433 MHz TX -  - W4R1R4 - $182.00 ,Larco,W4R1R4,182.0,Weatherproof 4 1/2 Round HPTO w/Round Box + 433 MHz TX,LAR1064
LAR1074 - Weatherproof 4 1/2 Round HPTO w/Universal Box - Weatherproof 4 1/2 Round HPTO w/Universal Box -  - W4R1U0 - $120.00 ,Larco,W4R1U0,120.0,Weatherproof 4 1/2 Round HPTO w/Universal Box,LAR1074
"LAR1070 - Weatherproof 4 1/2 Round HPTO w/Universal Box + 433 MHz TX - Weatherproof 4 1/2 Round HPTO w/Universal Box + 433 MHz TX, Larco -  - W4R1U4 - $182.00 ",Larco,W4R1U4,182.0,Weatherproof 4 1/2 Round HPTO w/Universal Box + 433 MHz TX,LAR1070
LAR1076 - Weatherproof 4 1/2 Square HPTO - Weatherproof 4 1/2 Square HPTO -  - W4S1 - $88.00 ,Larco,W4S1,88.0,Weatherproof 4 1/2 Square HPTO,LAR1076
LAR1078 - Weatherproof 4 1/2 Square HPTO w/Universal Box - Weatherproof 4 1/2 Square HPTO w/Universal Box -  - W4S1U0 - $120.00 ,Larco,W4S1U0,120.0,Weatherproof 4 1/2 Square HPTO w/Universal Box,LAR1078
"LAR1082 - Weatherproof 4 1/2 Square With Universal Box - Weatherproof 4 1/2 Square HPTO w/Universal Box + 433 MHz TX, Larco -  - W4S1U4 - $191.28 ",Larco,W4S1U4,191.28,Weatherproof 4 1/2 Square With Universal Box,LAR1082
LAR1044 - Weatherproof 6in Round PTO - Weatherproof 6in Round PTO -  - W6R1 - $88.00 ,Larco,W6R1,88.0,Weatherproof 6in Round PTO,LAR1044
LAR1040 - Weatherproof 6in Round HPTO w/Round Box - Weatherproof 6in Round HPTO w/Round Box -  - W6R1R0 - $120.00 ,Larco,W6R1R0,120.0,Weatherproof 6in Round HPTO w/Round Box,LAR1040
LAR1036 - Weatherproof 6in Round HPTO w/Round Box + 433 MHz TX - Weatherproof 6in Round HPTO w/Round Box + 433 MHz TX -  - W6R1R4 - $182.00 ,Larco,W6R1R4,182.0,Weatherproof 6in Round HPTO w/Round Box + 433 MHz TX,LAR1036
LAR1038 - Weatherproof 6in Round HPTO - Weatherproof 6in Round HPTO -  - W6R1RA - $88.00 ,Larco,W6R1RA,88.0,Weatherproof 6in Round HPTO,LAR1038
LAR1046 - Weatherproof 6in Round HPTO w/Universal Box - Weatherproof 6in Round HPTO w/Universal Box -  - W6R1U0 - $120.00 ,Larco,W6R1U0,120.0,Weatherproof 6in Round HPTO w/Universal Box,LAR1046
LAR1042 - Weatherproof 6in Round HPTO w/Universal Box + 433 MHz TX - Weatherproof 6in Round HPTO w/Universal Box + 433 MHz TX -  - W6R1U4 - $182.00 ,Larco,W6R1U4,182.0,Weatherproof 6in Round HPTO w/Universal Box + 433 MHz TX,LAR1042
LAR1050 - Weatherproof 6  Square HPTO - Weatherproof 6  Square HPTO -  - W6S1 - $88.00 ,Larco,W6S1,88.0,Weatherproof 6  Square HPTO,LAR1050
LAR1052 - Weatherproof 6 Square HPTO w/Universal Box - Weatherproof 6 Square HPTO w/Universal Box -  - W6S1U0 - $120.00 ,Larco,W6S1U0,120.0,Weatherproof 6 Square HPTO w/Universal Box,LAR1052
LAR1048 - Weatherproof 6 Square plain w/Universal Box + 433 MHz TXz - Weatherproof 6 Square plain w/Universal Box + 433 MHz TXz -  - W6S1U4 - $182.00 ,Larco,W6S1U4,182.0,Weatherproof 6 Square plain w/Universal Box + 433 MHz TXz,LAR1048
LAR1056 - Weatherproof Copper 4 1/2 Square HPTO w/Universal Box - Weatherproof Copper 4 1/2 Square HPTO w/Universal Box -  - WC4 S1U0 - $160.00 ,Larco,WC4 S1U0,160.0,Weatherproof Copper 4 1/2 Square HPTO w/Universal Box,LAR1056
LAR1058 - Weatherproof Copper 4 1/2 Round HPTO - Weatherproof Copper 4 1/2 Round HPTO -  - WC4R1A - $128.00 ,Larco,WC4R1A,128.0,Weatherproof Copper 4 1/2 Round HPTO,LAR1058
LAR1060 - Weatherproof Copper 4 1/2 Round HPTO w/Round Box - Weatherproof Copper 4 1/2 Round HPTO w/Round Box -  - WC4R1AR0 - $160.00 ,Larco,WC4R1AR0,160.0,Weatherproof Copper 4 1/2 Round HPTO w/Round Box,LAR1060
LAR1062 - Weatherproof Copper 4 1/2 Round HPTO w/Round Box + 433 MHz TX - Weatherproof Copper 4 1/2 Round HPTO w/Round Box + 433 MHz TX -  - WC4R1R4 - $208.00 ,Larco,WC4R1R4,208.0,Weatherproof Copper 4 1/2 Round HPTO w/Round Box + 433 MHz TX,LAR1062
LAR1054 - Weatherproof Copper 4 1/2 Square HPTO - Weatherproof Copper 4 1/2 Square HPTO -  - WC4S1 - $128.00 ,Larco,WC4S1,128.0,Weatherproof Copper 4 1/2 Square HPTO,LAR1054
LAR1030 - Weatherproof Copper 6in Round HPTO - Weatherproof Copper 6in Round HPTO -  - WC6R1A - $128.00 ,Larco,WC6R1A,128.0,Weatherproof Copper 6in Round HPTO,LAR1030
LAR1032 - Weatherproof Copper 6in Round HPTO w/Round Box - Weatherproof Copper 6in Round HPTO w/Round Box -  - WC6R1R0 - $160.00 ,Larco,WC6R1R0,160.0,Weatherproof Copper 6in Round HPTO w/Round Box,LAR1032
LAR1034 - Weatherproof Copper 6in Round HPTO w/Round Box + 433 MHz TX - Weatherproof Copper 6in Round HPTO w/Round Box + 433 MHz TX -  - WC6R1R4 - $208.00 ,Larco,WC6R1R4,208.0,Weatherproof Copper 6in Round HPTO w/Round Box + 433 MHz TX,LAR1034
LAR1024 - Weatherproof Copper 6in Square HPTO - Weatherproof Copper 6in Square HPTO -  - WC6S1 - $128.00 ,Larco,WC6S1,128.0,Weatherproof Copper 6in Square HPTO,LAR1024
LAR1026 - Weatherproof Copper 6in Square HPTO w /Universal Box - Weatherproof Copper 6in Square HPTO w /Universal Box -  - WC6S1U0 - $160.00 ,Larco,WC6S1U0,160.0,Weatherproof Copper 6in Square HPTO w /Universal Box,LAR1026
LAR1028 - Weatherproof Copper 6in Square HPTO w /Universal Box + 433 MHz TX - Weatherproof Copper 6in Square HPTO w /Universal Box + 433 MHz TX -  - WC6S1U4 - $222.00 ,Larco,WC6S1U4,222.0,Weatherproof Copper 6in Square HPTO w /Universal Box + 433 MHz TX,LAR1028
LAR1019 - Weatherproof Jamb Switch HPTO w/box - Weatherproof Jamb Switch HPTO w/box -  - WJ01J0 - $100.00 ,Larco,WJ01J0,100.0,Weatherproof Jamb Switch HPTO w/box,LAR1019
LAR1017 - Weatherproof Jamb Switch HPTO w/box + 433 MHz TX - Weatherproof Jamb Switch HPTO w/box + 433 MHz TX -  - WJ01J4 - $148.00 ,Larco,WJ01J4,148.0,Weatherproof Jamb Switch HPTO w/box + 433 MHz TX,LAR1017
LAR1091 - weatherproof transmitter  - weatherproof transmitter  -  - wp23269500 - $89.45 ,Larco,wp23269500,89.45,weatherproof transmitter ,LAR1091
MEW1001 - Enclosed Switching Power Supply -  Single Output -  12V - Enclosed Switching Power Supply -  Single Output -  12V -  - LRS-75-12 - $33.63 ,Mean Well,LRS-75-12,33.63,Enclosed Switching Power Supply -  Single Output -  12V,MEW1001
"MEW1000 - Enclosed Switching Power Supply -  Single Output -  24V - Enclosed Switching Power Supply, Single Output, 24V, 3.2A, 76.8W, 3.9"" L x 3.82"" W x 1.18"" H, Mean Well -  - LRS-75-24 - $36.00 ",Mean Well,LRS-75-24,36.0,Enclosed Switching Power Supply -  Single Output -  24V,MEW1000
"MOT1052 - Condor Single Swing Header -  Clear - Condor Single Swing Header, 2-3/4 Pivot, Clear -  - HDR-1-275-CLR - $514.00 ",Motion Access,HDR-1-275-CLR,514.0,Condor Single Swing Header -  Clear,MOT1052
"MOT1053 - Condor Single Swing Header -  Dark Bronze  - Condor Single Swing Header, 2-3/4 Pivot, Dark Bronze -  - HDR-1-275-DBZ - $514.00 ",Motion Access,HDR-1-275-DBZ,514.0,Condor Single Swing Header -  Dark Bronze ,MOT1053
"MOT1056 - Condor Single Swing Header -  Clear - Condor Single Swing Header, 3-3/4 Pivot, Clear -  - HDR-1-375-CLR - $514.00 ",Motion Access,HDR-1-375-CLR,514.0,Condor Single Swing Header -  Clear,MOT1056
"MOT1054 - Condor Swing Pair Header -  Clear - Condor Swing Pair Header, 2-3/4 Pivot, Clear -  - HDR-2-275-CLR - $954.00 ",Motion Access,HDR-2-275-CLR,954.0,Condor Swing Pair Header -  Clear,MOT1054
"MOT1055 - Condor Swing Pair Header -  Dark Bronze - Condor Swing Pair Header, 2-3/4 Pivot, Dark Bronze -  - HDR-2-275-DBZ - $954.00 ",Motion Access,HDR-2-275-DBZ,954.0,Condor Swing Pair Header -  Dark Bronze,MOT1055
"MOT1029 - Motion Access - Condor Swing Low Energy Operator -  Aluminum - Motion Access - Condor Swing Low Energy Operator,  72 inch, Push Arm/Out Swing -  Aluminum -  - LP1C-72 - $4,530.00 ",Motion Access,LP1C-72,4530.0,Motion Access - Condor Swing Low Energy Operator -  Aluminum,MOT1029
MOT1038 - Header End Dress Plates - Header End Dress Plates (QTY 2/Package) -  - MA-END-PLATES - $46.66 ,Motion Access,MA-END-PLATES,46.66,Header End Dress Plates,MOT1038
MOT1040 - Ground Bracket Assembly w/Control Harness  - Ground Bracket Assembly w/Control Harness  -  - MA-GND-ASM - $56.33 ,Motion Access,MA-GND-ASM,56.33,Ground Bracket Assembly w/Control Harness ,MOT1040
MOT1050 - Condor Automatic Door Operator Arm -  Pull -  Left Hand -  Clear - Condor Automatic Door Operator Arm -  Pull -  Left Hand -  Clear -  - MA-PULL-LH-CLR - $246.00 ,Motion Access,MA-PULL-LH-CLR,246.0,Condor Automatic Door Operator Arm -  Pull -  Left Hand -  Clear,MOT1050
MOT1051 - Condor Automatic Door Operator Arm -  Pull -  Left Hand -  Dark Bronze - Condor Automatic Door Operator Arm -  Pull -  Left Hand -  Dark Bronze -  - MA-PULL-LH-DBZ - $246.00 ,Motion Access,MA-PULL-LH-DBZ,246.0,Condor Automatic Door Operator Arm -  Pull -  Left Hand -  Dark Bronze,MOT1051
MOT1048 - Condor Automatic Door Operator Arm -  Pull -  Right Hand -  Clear - Condor Automatic Door Operator Arm -  Pull -  Right Hand -  Clear -  - MA-PULL-RH-CLR - $246.00 ,Motion Access,MA-PULL-RH-CLR,246.0,Condor Automatic Door Operator Arm -  Pull -  Right Hand -  Clear,MOT1048
MOT1049 - Condor Automatic Door Operator Arm -  Pull -  Right Hand -  Dark Bronze - Condor Automatic Door Operator Arm -  Pull -  Right Hand -  Dark Bronze -  - MA-PULL-RH-DBZ - $246.00 ,Motion Access,MA-PULL-RH-DBZ,246.0,Condor Automatic Door Operator Arm -  Pull -  Right Hand -  Dark Bronze,MOT1049
"MOT1045 - Condor Automatic Door Operator Arm -  Push -  Left Hand -  Clear - Condor Automatic Door Operator Arm, Push, Left Hand, Clear -  - MA-PUSH-LH-CLR - $206.00 ",Motion Access,MA-PUSH-LH-CLR,206.0,Condor Automatic Door Operator Arm -  Push -  Left Hand -  Clear,MOT1045
MOT1039 - Condor Automatic Door Operator Arm -  Push -  Left Hand -  Dark Bronze - Condor Automatic Door Operator Arm -  Push -  Left Hand -  Dark Bronze -  - MA-PUSH-LH-DBZ - $206.00 ,Motion Access,MA-PUSH-LH-DBZ,206.0,Condor Automatic Door Operator Arm -  Push -  Left Hand -  Dark Bronze,MOT1039
MOT1047 - Condor Automatic Door Operator Arm -  Push -  Right Hand -  Clear - Condor Automatic Door Operator Arm -  Push -  Right Hand -  Clear -  - MA-PUSH-RH-CLR - $206.00 ,Motion Access,MA-PUSH-RH-CLR,206.0,Condor Automatic Door Operator Arm -  Push -  Right Hand -  Clear,MOT1047
MOT1046 - Condor Automatic Door Operator Arm -  Push -  Right Hand -  Dark Bronze - Condor Automatic Door Operator Arm -  Push -  Right Hand -  Dark Bronze -  - MA-PUSH-RH-DBZ - $206.00 ,Motion Access,MA-PUSH-RH-DBZ,206.0,Condor Automatic Door Operator Arm -  Push -  Right Hand -  Dark Bronze,MOT1046
MOT1032 - Universal Three-Position Rocker Switch - Universal Three-Position Rocker Switch -  - MA40011 - $83.09 ,Motion Access,MA40011,83.09,Universal Three-Position Rocker Switch,MOT1032
"MOT1033 - Condor Swing Controller -  Low Energy - Condor Swing Controller, Low Energy -  - MA50777T-L - $960.61 ",Motion Access,MA50777T-L,960.61,Condor Swing Controller -  Low Energy,MOT1033
"MOT1043 - Motion Access Power Harness Condor Swing/Slide Control -  4-Pin New Style to 4-Pin Old Style - Motion Access Power Harness Condor Swing/Slide Control, 4-Pin New Style to 4-Pin Old Style -  - MA50782 - $15.76 ",Motion Access,MA50782,15.76,Motion Access Power Harness Condor Swing/Slide Control -  4-Pin New Style to 4-Pin Old Style,MOT1043
"MOT1037 - Condor Swing Motor/Gearbox -  Right Hand - Condor Swing Motor/Gearbox, Right Hand, 10-Pin Connector -  - MA81000-901 - $1,135.08 ",Motion Access,MA81000-901,1135.08,Condor Swing Motor/Gearbox -  Right Hand,MOT1037
"MOT1028 - Condor Swing Motor/Gearbox -  Left Hand - Condor Swing Motor/Gearbox, Left Hand, 10-Pin Connector -  - MA81000-902 - $1,080.00 ",Motion Access,MA81000-902,1080.0,Condor Swing Motor/Gearbox -  Left Hand,MOT1028
"MOT1041 - Low Force Motor/Gearbox -  Right Hand  - Low Force Motor/Gearbox, Right Hand, 10-Pin Connector -  - MA83000-901 - $1,254.00 ",Motion Access,MA83000-901,1254.0,Low Force Motor/Gearbox -  Right Hand ,MOT1041
"MOT1044 - Low Force Motor/Gearbox -  Left Hand - Low Force Motor/Gearbox, Left Hand, 10-Pin Connector -  - MA83000-902 - $1,254.00 ",Motion Access,MA83000-902,1254.0,Low Force Motor/Gearbox -  Left Hand,MOT1044
"MOT1017 - Motion Access - Condor Swing Low Energy Operator â LH -  Push Arm/Out Swing -  Aluminum - Motion Access - Condor Swing Low Energy Operator 36 inch Can  LH -  Push Arm/Out Swing -  Aluminum  -  - MAC-LL1C-36 - $2,300.00 ",Motion Access,MAC-LL1C-36,2300.000000031,Motion Access - Condor Swing Low Energy Operator â LH -  Push Arm/Out Swing -  Aluminum,MOT1017
"MOT1008 - Motion Access Condor Swing Low Energy Operator â LH -  Push Arm/Out Swing -  Silver - Motion Access Condor Swing Low Energy Operator Ã¢â¬â LH -  Push Arm/Out Swing -  Silver -  - MAC-LL1C-XX - $2,300.00 ",Motion Access,MAC-LL1C-XX,2300.0,Motion Access Condor Swing Low Energy Operator â LH -  Push Arm/Out Swing -  Silver,MOT1008
"MOT1016 - Motion Access - Condor Swing Low Energy Operator - Dark Bronz - Motion Access - Condor Swing Low Energy Operator Ã¢â¬â LH -  Push Arm/Out Swing - 36 Inch Can  - Dark Bronze -  - MAC-LL1D-36 - $2,300.00 ",Motion Access,MAC-LL1D-36,2300.000000031,Motion Access - Condor Swing Low Energy Operator - Dark Bronz,MOT1016
"MOT1012 - Motion Access Condor Swing Low Energy Operator -  Dark Bronze - Motion Access Condor Swing Low Energy Operator Ã¢â¬â LH -  Push Arm/Out Swing -  Dark Bronze -  - MAC-LL1D-XX - $2,300.00 ",Motion Access,MAC-LL1D-XX,2300.0,Motion Access Condor Swing Low Energy Operator -  Dark Bronze,MOT1012
"MOT1020 - Motion Access Condor Swing Low Energy Operator â LH -  Pull Arm/In Swing -  Silver - 36 Inch Can - Motion Access Condor Swing Low Energy Operator Ã¢â¬â LH -  Pull Arm/In Swing -  Silver - 36 Inch Can -  - MAC-LL2C-36 - $2,300.00 ",Motion Access,MAC-LL2C-36,2300.0,Motion Access Condor Swing Low Energy Operator â LH -  Pull Arm/In Swing -  Silver - 36 Inch Can,MOT1020
"MOT1009 - Motion Access Condor Swing Low Energy Operator â LH -  Pull Arm/In Swing -  Silver - Motion Access Condor Swing Low Energy Operator Ã¢â¬â LH -  Pull Arm/In Swing -  Silver -  - MAC-LL2C-XX - $2,300.00 ",Motion Access,MAC-LL2C-XX,2300.0,Motion Access Condor Swing Low Energy Operator â LH -  Pull Arm/In Swing -  Silver,MOT1009
"MOT1022 - Motion Access Condor Swing Low Energy Operator â LH -  Pull Arm/In Swing -  Dark Bronze - 36 Inch Can - Motion Access Condor Swing Low Energy Operator Ã¢â¬â LH -  Pull Arm/In Swing -  Dark Bronze - 36 Inch Can -  - MAC-LL2D-36 - $2,300.00 ",Motion Access,MAC-LL2D-36,2300.0,Motion Access Condor Swing Low Energy Operator â LH -  Pull Arm/In Swing -  Dark Bronze - 36 Inch Can,MOT1022
"MOT1013 - Motion Access Condor Swing Low Energy Operator â LH -  Pull Arm/In Swing -  Dark Bronze - Motion Access Condor Swing Low Energy Operator Ã¢â¬â LH -  Pull Arm/In Swing -  Dark Bronze -  - MAC-LL2D-XX - $2,300.00 ",Motion Access,MAC-LL2D-XX,2300.0,Motion Access Condor Swing Low Energy Operator â LH -  Pull Arm/In Swing -  Dark Bronze,MOT1013
"MOT1010 - Motion Access Condor Swing Low Energy Operator â LH -  Center Hung -  Silver - Motion Access Condor Swing Low Energy Operator Ã¢â¬â LH -  Center Hung -  Silver -  - MAC-LL3C-XX - $2,300.00 ",Motion Access,MAC-LL3C-XX,2300.0,Motion Access Condor Swing Low Energy Operator â LH -  Center Hung -  Silver,MOT1010
"MOT1014 - Motion Access Condor Swing Low Energy Operator â LH -  Center Hung -  Dark Bronze - Motion Access Condor Swing Low Energy Operator Ã¢â¬â LH -  Center Hung -  Dark Bronze -  - MAC-LL3D-XX - $2,300.00 ",Motion Access,MAC-LL3D-XX,2300.0,Motion Access Condor Swing Low Energy Operator â LH -  Center Hung -  Dark Bronze,MOT1014
"MOT1011 - Motion Access Condor Swing Low Energy Operator â LH -  Concealed Offset Pivot -  Silver - Motion Access Condor Swing Low Energy Operator Ã¢â¬â LH -  Concealed Offset Pivot -  Silver -  - MAC-LL4C-XX - $2,300.00 ",Motion Access,MAC-LL4C-XX,2300.0,Motion Access Condor Swing Low Energy Operator â LH -  Concealed Offset Pivot -  Silver,MOT1011
"MOT1015 - Motion Access Condor Swing Low Energy Operator â LH -  Concealed Offset Pivot -  Dark Bronze - Motion Access Condor Swing Low Energy Operator Ã¢â¬â LH -  Concealed Offset Pivot -  Dark Bronze -  - MAC-LL4D-XX - $2,300.00 ",Motion Access,MAC-LL4D-XX,2300.0,Motion Access Condor Swing Low Energy Operator â LH -  Concealed Offset Pivot -  Dark Bronze,MOT1015
"MOT1025 - Motion Access - Condor Swing Operator -  Aluminum - Motion Access - Condor Swing Low Energy Operato, Pair, Push Arm/Out Swing -  Aluminum -  - MAC-LP1C-XX - $4,688.87 ",Motion Access,MAC-LP1C-XX,4688.8677355612,Motion Access - Condor Swing Operator -  Aluminum,MOT1025
"MOT1024 - Motion Access Condor Swing Low Energy Operator â PAIR -  Push Arm/Out Swing -  Dark Bronze - Motion Access Condor Swing Low Energy Operator Ã¢â¬â PAIR -  Push Arm/Out Swing -  Dark Bronze -  - MAC-LP1D-72 - $4,688.87 ",Motion Access,MAC-LP1D-72,4688.8677355612,Motion Access Condor Swing Low Energy Operator â PAIR -  Push Arm/Out Swing -  Dark Bronze,MOT1024
"MOT1019 - Motion Access - Condor Swing Low Energy Operator -  Aluminum - Motion Access - Condor Swing Low Energy Operator Ã¢â¬â RH -  Push Arm/Out Swing - 36 inch Can -  Aluminum -  - MAC-LR1C-36 - $2,300.00 ",Motion Access,MAC-LR1C-36,2300.000000031,Motion Access - Condor Swing Low Energy Operator -  Aluminum,MOT1019
"MOT1026 - Motion Access Condor Swing Low Energy Operator â RH -  Push Arm/Out Swing -  Aluminum - 42 inch Can - Motion Access Condor Swing Low Energy Operator Ã¢â¬â RH -  Push Arm/Out Swing -  Aluminum - 42 inch Can -  - MAC-LR1C-42 - $2,300.00 ",Motion Access,MAC-LR1C-42,2300.0,Motion Access Condor Swing Low Energy Operator â RH -  Push Arm/Out Swing -  Aluminum - 42 inch Can,MOT1026
"MOT1000 - Motion Access Condor Swing Low Energy Operator â Push Arm/Out Swing -  Silver - Motion Access Condor Swing Low Energy Operator - RH -  Push Arm/Out Swing -  Silver -  - MAC-LR1C-XX - $2,300.00 ",Motion Access,MAC-LR1C-XX,2300.0,Motion Access Condor Swing Low Energy Operator â Push Arm/Out Swing -  Silver,MOT1000
"MOT1018 - Motion Access - Condor Swing  Operator â Dark Bronze - Motion Access - Condor Swing Low Energy Operator - RH -  Push Arm/Out Swing -  Dark Bronze -  - MAC-LR1D-36 - $2,300.00 ",Motion Access,MAC-LR1D-36,2300.000000031,Motion Access - Condor Swing  Operator â Dark Bronze,MOT1018
"MOT1004 - Motion Access - Condor Swing Low Energy Operator -  Dark Bronze - Motion Access - Condor Swing Low Energy Operator â RH - Push Arm/Out Swing -  Dark Bronze -  - MAC-LR1D-XX - $2,300.00 ",Motion Access,MAC-LR1D-XX,2300.0,Motion Access - Condor Swing Low Energy Operator -  Dark Bronze,MOT1004
"MOT1021 - Motion Access - Condor Swing Low Energy Operator  -  Silver - Motion Access - Condor Swing Low Energy Operator â RH, 36 Inch Can, Pull Arm/In Swing -  Silver -  - MAC-LR2C-36 - $2,300.00 ",Motion Access,MAC-LR2C-36,2300.0,Motion Access - Condor Swing Low Energy Operator  -  Silver,MOT1021
"MOT1001 - Motion Access Condor Swing Low Energy Operator â RH -  Pull Arm/In Swing -  Silver - Motion Access Condor Swing Low Energy Operator Ã¢â¬â RH -  Pull Arm/In Swing -  Silver -  - MAC-LR2C-XX - $2,300.00 ",Motion Access,MAC-LR2C-XX,2300.0,Motion Access Condor Swing Low Energy Operator â RH -  Pull Arm/In Swing -  Silver,MOT1001
"MOT1023 - Motion Access Condor Swing Low Energy Operator â RH -  Pull Arm/In Swing -  Dark Bronze - 36 Inch Can - Motion Access Condor Swing Low Energy Operator Ã¢â¬â RH -  Pull Arm/In Swing -  Dark Bronze - 36 Inch Can -  - MAC-LR2D-36 - $2,300.00 ",Motion Access,MAC-LR2D-36,2300.0,Motion Access Condor Swing Low Energy Operator â RH -  Pull Arm/In Swing -  Dark Bronze - 36 Inch Can,MOT1023
"MOT1005 - Motion Access Condor Swing Low Energy Operator â RH -  Pull Arm/In Swing -  Dark Bronze - Motion Access Condor Swing Low Energy Operator Ã¢â¬â RH -  Pull Arm/In Swing -  Dark Bronze -  - MAC-LR2D-XX - $2,300.00 ",Motion Access,MAC-LR2D-XX,2300.0,Motion Access Condor Swing Low Energy Operator â RH -  Pull Arm/In Swing -  Dark Bronze,MOT1005
"MOT1002 - Motion Access - Condor Swing Operator -  Silver - Motion Access - Condor Swing Low Energy Operator, RH, Center Hung -  Silver -  - MAC-LR3C-36 - $2,300.00 ",Motion Access,MAC-LR3C-36,2300.0,Motion Access - Condor Swing Operator -  Silver,MOT1002
"MOT1006 - Motion Access Condor Swing Low Energy Operator â RH -  Center Hung -  Dark Bronze - Motion Access Condor Swing Low Energy Operator Ã¢â¬â RH -  Center Hung -  Dark Bronze -  - MAC-LR3D-XX - $2,300.00 ",Motion Access,MAC-LR3D-XX,2300.0,Motion Access Condor Swing Low Energy Operator â RH -  Center Hung -  Dark Bronze,MOT1006
"MOT1003 - Motion Access Condor Swing Low Energy Operator â RH -  Concealed Offset Pivot -  Silver - Motion Access Condor Swing Low Energy Operator Ã¢â¬â RH -  Concealed Offset Pivot -  Silver -  - MAC-LR4C-XX - $2,300.00 ",Motion Access,MAC-LR4C-XX,2300.0,Motion Access Condor Swing Low Energy Operator â RH -  Concealed Offset Pivot -  Silver,MOT1003
"MOT1007 - Motion Access Condor Swing Low Energy Operator â RH -  Concealed Offset Pivot -  Dark Bronze - Motion Access Condor Swing Low Energy Operator Ã¢â¬â RH -  Concealed Offset Pivot -  Dark Bronze -  - MAC-LR4D-XX - $2,300.00 ",Motion Access,MAC-LR4D-XX,2300.0,Motion Access Condor Swing Low Energy Operator â RH -  Concealed Offset Pivot -  Dark Bronze,MOT1007
"MOT1058 - Motion Access Condor Swing - LOW FORCE - LH Push Arm - Dark Bronze - 36 - Motion Access Condor Swing - LOW FORCE - LH Push Arm - Dark Bronze - 36 -  - MAC-ML1D-36 - $2,522.40 ",Motion Access,MAC-ML1D-36,2522.4,Motion Access Condor Swing - LOW FORCE - LH Push Arm - Dark Bronze - 36,MOT1058
"MOT1057 - Motion Access Condor Swing - LOW FORCE - LH Pull Arm - Dark Bronze - 36 - Motion Access Condor Swing - LOW FORCE - LH Pull Arm - Dark Bronze - 36 -  - MAC-ML2D-36 - $2,522.40 ",Motion Access,MAC-ML2D-36,2522.4,Motion Access Condor Swing - LOW FORCE - LH Pull Arm - Dark Bronze - 36,MOT1057
"MOT1034 - Raven Swing 18in -  Clear Finish -  Low Energy Operator -  Non Handed -  Push & Pull Arm - Raven Swing 18in, Clear Finish, Low Energy Operator, Non Handed, Push & Pull Arm -  - MAR-C-18 - $1,957.95 ",Motion Access,MAR-C-18,1957.949400772,Raven Swing 18in -  Clear Finish -  Low Energy Operator -  Non Handed -  Push & Pull Arm,MOT1034
"MOT1027 - Raven Swing 29in -  Clear Finish -  Low Energy Operator -  Non Handed -  Push & Pull Arm - Raven Swing 29in -  Clear Finish -  Low Energy Operator -  Non Handed -  Push & Pull Arm -  - MAR-C-29 - $1,890.00 ",Motion Access,MAR-C-29,1890.0,Raven Swing 29in -  Clear Finish -  Low Energy Operator -  Non Handed -  Push & Pull Arm,MOT1027
"MOT1035 - Raven Swing 18in -  Dark Bronze Finish -  Low Energy Operator -  Non Handed -  Push & Pull Arm - Raven Swing 18in -  Dark Bronze Finish -  Low Energy Operator -  Non Handed -  Push & Pull Arm -  - MAR-D-18 - $1,957.95 ",Motion Access,MAR-D-18,1957.949400772,Raven Swing 18in -  Dark Bronze Finish -  Low Energy Operator -  Non Handed -  Push & Pull Arm,MOT1035
"MOT1036 - Raven Swing 29in -  Dark Bronze Finish -  Low Energy Operator -  Non Handed -  Push & Pull Arm - Raven Swing 29in -  Dark Bronze Finish -  Low Energy Operator -  Non Handed -  Push & Pull Arm -  - MAR-D-29 - $2,103.91 ",Motion Access,MAR-D-29,2103.914780264,Raven Swing 29in -  Dark Bronze Finish -  Low Energy Operator -  Non Handed -  Push & Pull Arm,MOT1036
MOT1030 - MATRiX SQUARE KIT -  S1: 2 - S1 PUSH PLATES -  2 - SBT BOXES/TRANSMITTERS -  1 - RECEIVER - MATRiX SQUARE KIT -  S1: 2 - S1 PUSH PLATES -  2 - SBT BOXES/TRANSMITTERS -  1 - RECEIVER -  - MAX-KIT-S1 - $338.42 ,Motion Access,MAX-KIT-S1,338.42,MATRiX SQUARE KIT -  S1: 2 - S1 PUSH PLATES -  2 - SBT BOXES/TRANSMITTERS -  1 - RECEIVER,MOT1030
"MOT1031 - Motion Access - Condor Swing Low Energy Operator -  Dark Bronze - Motion Access - Condor Swing Low Energy Operator â PAIR -  Push Arm/Out Swing -  Dark Bronze - 72 inch Can -  - MP1C-72 - $4,761.03 ",Motion Access,MP1C-72,4761.03,Motion Access - Condor Swing Low Energy Operator -  Dark Bronze,MOT1031
"MOT1042 - Condor Swing Low Force/Low Energy Operator RH Push DKB 36 - Condor Swing Low Force/Low Energy Operator RH Push DKB 36"" -  - MR1D-36 - $2,300.00 ",Motion Access,MR1D-36,2300.0,Condor Swing Low Force/Low Energy Operator RH Push DKB 36,MOT1042
